Energy,proton,alpha,Li7,Be9,B11,C12,N14,O16,F19,Ne20,Na23,Mg24,Al27,Si28,P29,S32,Cl35,Ar38,K39,Ca40,Sc43,Ti47,V49,Cr52,Mn54,Fe56,Co57,Ni58
0.01,0.0002446054,0.0001402367,6.561744e-07,2.889485e-07,1.403377e-06,3.939202e-06,1.038829e-06,3.546251e-06,7.547495e-08,6.396082e-07,1.334386e-07,8.496711e-07,1.341946e-07,6.176361e-07,2.071609e-08,1.043603e-07,2.29627e-08,5.843738e-08,3.873712e-08,1.152627e-07,2.147456e-08,8.019976e-08,3.547164e-08,6.999201e-08,4.637002e-08,5.065206e-07,3.173889e-09,2.431242e-08
8064.511929154488,0.0002956268,0.0001686733,7.883436e-07,3.472067e-07,1.684273e-06,4.735229e-06,1.249583e-06,4.265324e-06,9.072549e-08,7.686794e-07,1.604013e-07,1.021052e-06,1.613158e-07,7.42337e-07,2.49053e-08,1.255398e-07,2.761397e-08,7.001758e-08,4.656313e-08,1.384609e-07,2.582512e-08,9.638519e-08,4.264941e-08,8.413642e-08,5.570303e-08,6.08734e-07,3.814331e-09,2.923759e-08
16129.029022568027,0.0003572907,0.0002028762,9.47135e-07,4.172112e-07,2.021393e-06,5.692117e-06,1.503093e-06,5.130206e-06,1.090576e-07,9.23797e-07,1.928121e-07,1.227001e-06,1.939182e-07,8.922155e-07,2.994167e-08,1.510176e-07,3.320738e-08,8.389259e-08,5.597024e-08,1.663282e-07,3.105707e-08,1.158371e-07,5.127963e-08,1.011393e-07,6.691455e-08,7.315738e-07,4.584006e-09,3.51605e-08
24193.557936552224,0.000431817,0.0002440147,1.137911e-06,5.013302e-07,2.425991e-06,6.842373e-06,1.808035e-06,6.170462e-06,1.31094e-07,1.110217e-06,2.31772e-07,1.474491e-06,2.331098e-07,1.072355e-06,3.599651e-08,1.816661e-07,3.99338e-08,1.005172e-07,6.727787e-08,1.998043e-07,3.734899e-08,1.392148e-07,6.165623e-08,1.215782e-07,8.038267e-08,8.792024e-07,5.508991e-09,4.228329e-08
32258.068374124665,0.0005218883,0.000293495,1.367114e-06,6.024092e-07,2.911571e-06,8.225068e-06,2.174842e-06,7.421649e-06,1.57583e-07,1.334256e-06,2.78604e-07,1.7719e-06,2.80222e-07,1.288864e-06,4.327574e-08,2.185346e-07,4.80227e-08,1.204361e-07,8.086995e-08,2.400179e-07,4.491558e-08,1.673103e-07,7.413252e-08,1.461475e-07,9.656153e-08,1.056621e-06,6.620621e-09,5.084898e-08
40322.58994922454,0.0006307475,0.0003530088,1.642484e-06,7.238681e-07,3.494345e-06,9.887179e-06,2.616066e-06,8.926541e-06,1.894245e-07,1.603506e-06,3.348991e-07,2.129297e-06,3.368559e-07,1.549087e-06,5.202699e-08,2.628854e-07,5.775006e-08,1.443023e-07,9.720804e-08,2.88325e-07,5.401512e-08,2.010759e-07,8.913346e-08,1.756819e-07,1.159968e-07,1.269843e-06,7.956564e-09,6.114991e-08
48387.104102493766,0.0007623132,0.0004245905,1.973319e-06,8.698157e-07,4.193764e-06,1.188516e-05,3.146804e-06,1.073658e-05,2.276998e-07,1.92709e-06,4.025691e-07,2.558782e-06,4.049355e-07,1.861848e-06,6.254793e-08,3.162371e-07,6.944778e-08,1.728979e-07,1.168469e-07,3.463547e-07,6.495813e-08,2.416559e-07,1.071699e-07,2.111849e-07,1.393438e-07,1.526091e-06,9.562078e-09,7.353759e-08
56451.61399811295,0.0009213216,0.0005106871,2.370793e-06,1.045189e-06,5.033178e-06,1.42869e-05,3.785215e-06,1.291364e-05,2.737091e-07,2.315972e-06,4.839125e-07,3.074895e-06,4.867743e-07,2.237757e-06,7.51964e-08,3.804162e-07,8.351494e-08,2.071601e-07,1.404533e-07,4.160637e-07,7.81181e-08,2.904255e-07,1.288559e-07,2.538624e-07,1.673899e-07,1.834049e-06,1.149156e-08,8.843473e-08
64516.140495901534,0.001113498,0.0006142424,2.848329e-06,1.255923e-06,6.040608e-06,1.717398e-05,4.553146e-06,1.553214e-05,3.290152e-07,2.78333e-06,5.816925e-07,3.695111e-06,5.851531e-07,2.689562e-06,9.040269e-08,4.576204e-07,1.004316e-07,2.482119e-07,1.68829e-07,4.998028e-07,9.394421e-08,3.490377e-07,1.549303e-07,3.051647e-07,2.010811e-07,2.204153e-06,1.381039e-08,1.063498e-07
72580.65413290185,0.001345759,0.000738796,3.422051e-06,1.509144e-06,7.249681e-06,2.064447e-05,5.47687e-06,1.86816e-05,3.954965e-07,3.344999e-06,6.992299e-07,4.440425e-06,7.034144e-07,3.232587e-06,1.08684e-07,5.504928e-07,1.207747e-07,2.973988e-07,2.029374e-07,6.003954e-07,1.129765e-07,4.194784e-07,1.862809e-07,3.668343e-07,2.415532e-07,2.648941e-06,1.659711e-08,1.27894e-07
80645.17413212098,0.001626466,0.0008886062,4.111335e-06,1.81342e-06,8.700761e-06,2.481627e-05,6.587997e-06,2.246968e-05,4.754111e-07,4.020012e-06,8.40517e-07,5.336072e-06,8.455768e-07,3.885249e-06,1.306621e-07,6.622134e-07,1.452386e-07,3.563327e-07,2.439367e-07,7.21234e-07,1.358646e-07,5.041353e-07,2.239754e-07,4.409666e-07,2.901714e-07,3.183486e-06,1.994616e-08,1.538026e-07
88709.68783560464,0.001965726,0.001068794,4.939456e-06,2.179045e-06,1.044228e-05,2.98311e-05,7.924544e-06,2.702587e-05,5.714733e-07,4.83124e-06,1.010353e-06,6.412373e-06,1.016471e-06,4.669683e-06,1.570847e-07,7.966072e-07,1.746577e-07,4.269452e-07,2.932189e-07,8.663929e-07,1.633897e-07,6.05877e-07,2.692974e-07,5.3008e-07,3.485751e-07,3.825898e-06,2.3971e-08,1.849597e-07
96774.20524181856,0.002375751,0.00128552,5.934382e-06,2.618389e-06,1.253239e-05,3.585933e-05,9.532246e-06,3.250592e-05,6.86946e-07,5.806173e-06,1.214506e-06,7.705766e-06,1.221903e-06,5.612496e-06,1.888505e-07,9.582757e-07,2.10036e-07,5.115506e-07,3.524577e-07,1.040767e-06,1.964911e-07,7.281517e-07,3.237905e-07,6.372021e-07,4.187339e-07,4.597948e-06,2.880799e-08,2.224286e-07
104838.71564318317,0.002871301,0.001546192,7.129709e-06,3.146312e-06,1.504084e-05,4.310572e-05,1.146611e-05,3.909715e-05,8.257511e-07,6.977843e-06,1.45991e-06,9.26004e-06,1.468853e-06,6.745662e-06,2.270399e-07,1.152754e-06,2.525804e-07,6.129218e-07,4.236643e-07,1.250237e-06,2.362986e-07,8.751031e-07,3.893103e-07,7.659719e-07,5.030137e-07,5.525792e-06,3.4621e-08,2.674879e-07
112903.23279045001,0.003470217,0.001859723,8.565805e-06,3.780678e-06,1.805138e-05,5.181646e-05,1.379231e-05,4.70249e-05,9.926035e-07,8.385955e-06,1.754901e-06,1.112782e-05,1.765713e-06,8.107617e-06,2.729521e-07,1.386702e-06,3.037424e-07,7.343812e-07,5.092569e-07,1.501866e-06,2.841707e-07,1.051712e-06,4.680883e-07,9.207645e-07,6.042568e-07,6.640872e-06,4.1607e-08,3.216753e-07
120967.74812263709,0.004194059,0.00223683,1.029116e-05,4.542945e-06,2.16645e-05,6.228745e-05,1.659044e-05,5.656015e-05,1.19317e-06,1.007822e-05,2.109497e-06,1.337233e-05,2.12257e-06,9.744551e-06,3.281487e-07,1.668128e-06,3.652678e-07,8.799096e-07,6.121415e-07,1.804138e-06,3.417413e-07,1.263962e-06,5.628073e-07,1.106839e-06,7.258774e-07,7.98097e-06,5.000266e-08,3.868399e-07
129032.26394990309,0.005068434,0.002690131,1.236275e-05,5.458328e-06,2.599804e-05,7.486665e-05,1.995421e-05,6.802192e-05,1.434115e-06,1.211072e-05,2.535482e-06,1.606789e-05,2.551284e-06,1.171077e-05,3.944661e-07,2.006463e-06,4.392102e-07,1.054161e-06,7.357354e-07,2.167021e-06,4.109331e-07,1.51889e-06,6.766231e-07,1.330378e-06,8.718855e-07,9.590499e-06,6.008622e-08,4.651578e-07
137096.776684428,0.006120129,0.003232299,1.483723e-05,6.551937e-06,3.116838e-05,8.990199e-05,2.39778e-05,8.173062e-05,1.722096e-06,1.453943e-05,3.044639e-06,1.928866e-05,3.063717e-06,1.406052e-05,4.737403e-07,2.411191e-06,5.276281e-07,1.261677e-06,8.834522e-07,2.600434e-06,4.936748e-07,1.823519e-06,8.126976e-07,1.597567e-06,1.046271e-06,1.151382e-05,7.213564e-08,5.588145e-07
145161.31121415194,0.007382742,0.003879417,1.778668e-05,7.855706e-06,3.732396e-05,0.0001078355,2.878068e-05,9.809277e-05,2.065572e-06,1.743552e-05,3.651939e-06,2.312891e-05,3.674939e-06,1.686275e-05,5.683032e-07,2.894338e-06,6.331342e-07,1.508272e-06,1.05963e-06,3.117001e-06,5.924145e-07,2.186777e-06,9.750452e-07,1.916261e-06,1.254109e-06,1.380734e-05,8.650424e-08,6.70583e-07
153225.80443330182,0.008896749,0.004650834,2.129783e-05,9.408054e-06,4.464337e-05,0.0001291992,3.450662e-05,0.0001175976,2.474724e-06,2.088461e-05,4.375398e-06,2.770208e-05,4.403083e-06,2.020044e-05,6.809607e-07,3.470377e-06,7.588724e-07,1.800942e-06,1.269487e-06,3.731912e-06,7.100981e-07,2.619408e-06,1.168497e-06,2.295915e-06,1.501511e-06,1.653891e-05,1.036173e-07,8.038012e-07
161290.3192096125,0.01071002,0.005569307,2.54725e-05,1.125409e-05,5.333611e-05,0.000154618,4.13247e-05,0.0001408204,2.96151e-06,2.49873e-05,5.236188e-06,3.314145e-05,5.269457e-06,2.417106e-05,8.150087e-07,4.156327e-06,9.085371e-07,2.147879e-06,1.519157e-06,4.463007e-06,8.501887e-07,3.134035e-06,1.398732e-06,2.747637e-06,1.795647e-06,1.978827e-05,1.239743e-07,9.623939e-07
169354.83719565842,0.01287905,0.00666154,3.043e-05,1.344668e-05,6.36475e-05,0.0001848251,4.943332e-05,0.0001684361,3.539953e-06,2.986154e-05,6.259144e-06,3.960331e-05,6.299052e-06,2.888896e-05,9.743119e-07,4.972163e-06,1.086462e-06,2.558661e-06,1.815828e-06,5.331203e-06,1.01675e-06,3.745458e-06,1.672411e-06,3.284459e-06,2.144928e-06,2.364897e-05,1.481616e-07,1.150968e-06
177419.37282789848,0.01547047,0.007958869,3.631009e-05,1.604776e-05,7.586474e-05,0.0002206802,5.906532e-05,0.0002012369,4.226492e-06,3.564564e-05,7.473395e-06,4.727088e-05,7.521175e-06,3.44882e-05,1.1634e-06,5.941325e-06,1.29773e-06,3.044481e-06,2.167929e-06,6.361018e-06,1.214548e-06,4.471033e-06,1.997349e-06,3.921659e-06,2.559207e-06,2.823071e-05,1.768667e-07,1.374932e-06
185483.88675791727,0.0185627,0.009498017,4.327632e-05,1.912981e-05,9.032378e-05,0.0002631902,7.049356e-05,0.0002401509,5.040377e-06,4.250155e-05,8.913062e-06,5.635876e-05,8.970152e-06,4.112583e-05,1.387576e-06,7.091281e-06,1.548291e-06,3.618416e-06,2.58533e-06,7.581165e-06,1.44917e-06,5.331086e-06,2.3827e-06,4.677135e-06,3.050019e-06,3.3662e-05,2.10895e-07,1.640622e-06
193548.39354833984,0.02224805,0.01132202,5.152003e-05,2.277763e-05,0.0001074175,0.0003135347,8.40378e-05,0.000286266,6.004146e-06,5.061895e-05,1.061812e-05,6.711827e-05,1.068619e-05,4.898578e-05,1.653048e-06,8.454222e-06,1.845116e-06,4.295734e-06,3.079585e-06,9.025267e-06,1.727158e-06,6.349422e-06,2.839191e-06,5.571853e-06,3.630871e-06,4.009342e-05,2.511905e-07,1.955472e-06
201612.91027578653,0.02663499,0.01348129,6.126497e-05,2.709039e-05,0.0001276054,0.0003730942,0.0001000725,0.0003408559,7.144171e-06,6.021984e-05,1.263538e-05,7.984361e-05,1.271635e-05,5.828339e-05,1.967077e-06,1.006785e-05,2.196362e-06,5.094262e-06,3.664217e-06,1.073269e-05,2.056175e-06,7.553906e-06,3.379379e-06,6.630352e-06,4.317565e-06,4.770131e-05,2.988587e-07,2.328187e-06
209677.42367530512,0.03185092,0.01603483,7.27726e-05,3.2184e-05,0.000151424,0.0004434844,0.0001190362,0.0004054119,8.491296e-06,7.156396e-05,1.501962e-05,9.4879e-05,1.511569e-05,6.927067e-05,2.338151e-06,1.197628e-05,2.611566e-06,6.034798e-06,4.355037e-06,1.274947e-05,2.44519e-06,8.977141e-06,4.017963e-06,7.881352e-06,5.128586e-06,5.669209e-05,3.551939e-07,2.768968e-06
217741.9401467603,0.03804532,0.01905172,8.634848e-05,3.819387e-05,0.0001795009,0.0005265959,0.0001414419,0.0004816796,1.008159e-05,8.49552e-05,1.783497e-05,0.0001126273,1.794867e-05,8.224253e-05,2.776192e-06,1.423119e-05,3.101887e-06,7.141615e-06,5.17054e-06,1.512954e-05,2.9047e-06,1.065728e-05,4.772145e-06,9.358455e-06,6.085554e-06,6.730744e-05,4.217119e-07,3.289763e-06
225806.45705589652,0.04539353,0.02261284,0.0001023496,4.527826e-05,0.000212569,0.0006246406,0.0001678904,0.0005717021,1.195724e-05,0.0001007491,2.115649e-05,0.0001335598,2.129065e-05,9.754408e-05,3.292799e-06,1.689302e-05,3.680368e-06,8.443031e-06,6.132352e-06,1.793595e-05,3.446987e-06,1.263896e-05,5.66206e-06,1.110098e-05,7.213761e-06,7.983033e-05,5.00188e-07,3.90457e-06
233870.9790011256,0.05410108,0.02681286,0.0001211931,5.362202e-05,0.0002514851,0.0007402071,0.0001990848,0.0006778713,1.416757e-05,0.0001193617,2.507204e-05,0.0001582282,2.522986e-05,0.0001155793,3.901521e-06,2.003254e-05,4.362263e-06,9.972091e-06,7.265759e-06,2.124257e-05,4.086429e-06,1.497443e-05,6.711273e-06,1.315495e-05,8.542792e-06,9.459217e-05,5.927015e-07,4.629791e-06
241935.49356303614,0.06440885,0.03176265,0.0001433663,6.344113e-05,0.0002972507,0.000876325,0.0002358484,0.0008029873,1.677025e-05,0.0001412798,2.96845e-05,0.0001872783,2.986954e-05,0.0001368211,4.618194e-06,2.373258e-05,5.165405e-06,1.176735e-05,8.600334e-06,2.513584e-05,4.839854e-06,1.772484e-05,7.947373e-06,1.557422e-05,1.010726e-05,0.0001119812,7.016891e-07,5.484654e-06
250000.0075,0.07659912,0.03759207,0.0001694386,7.498797e-05,0.0003510366,0.001036542,0.0002791454,0.0009503303,1.983277e-05,0.0001670736,3.511443e-05,0.0002214663,3.533057e-05,0.0001618233,5.461328e-06,2.809016e-05,6.110652e-06,1.38738e-05,1.017068e-05,2.971709e-05,5.726972e-06,2.096178e-05,9.402672e-06,1.842187e-05,1.19477e-05,0.0001324524,8.300082e-07,6.49171e-06
258064.5094291545,0.09100262,0.04445335,0.0002000757,8.85575e-05,0.0004142126,0.001225014,0.0003301056,0.001123744,2.343408e-05,0.0001974107,4.15031e-05,0.0002616785,4.175453e-05,0.0001912351,6.45256e-06,3.321893e-05,7.222405e-06,1.634398e-05,1.201727e-05,3.510504e-05,6.770871e-06,2.476915e-05,1.111503e-05,2.177176e-05,1.411156e-05,0.0001565396,9.810108e-07,7.677424e-06
266129.0265225681,0.108007,0.05252502,0.0002360561,0.0001044946,0.0004883816,0.001446613,0.0003900541,0.001327735,2.766666e-05,0.0002330739,4.901625e-05,0.0003089541,4.930738e-05,0.0002258176,7.617198e-06,3.925214e-05,8.529226e-06,1.923922e-05,1.418752e-05,4.1439e-05,7.998621e-06,2.92453e-05,1.312885e-05,2.571052e-05,1.665446e-05,0.0001848693,1.158634e-06,9.072889e-06
274193.55543655227,0.1280667,0.06201662,0.0002782904,0.0001232028,0.0005754204,0.001707053,0.0004605451,0.001567593,3.26388e-05,0.0002749812,5.78484e-05,0.0003645122,5.818375e-05,0.0002664641,8.984848e-06,4.634612e-05,1.006456e-05,2.263115e-05,1.673696e-05,4.888252e-05,9.441976e-06,3.450563e-05,1.549623e-05,3.033976e-05,1.964162e-05,0.0002181773,1.367504e-06,1.071466e-05
282258.06587412464,0.1517144,0.07317423,0.000327844,0.0001451539,0.0006775279,0.002013042,0.000543404,0.001849527,3.847743e-05,0.00032421,6.822808e-05,0.0004297847,6.861205e-05,0.0003142235,1.059016e-05,5.468433e-05,1.186758e-05,2.660348e-05,1.973067e-05,5.762773e-05,1.113821e-05,4.068558e-05,1.827833e-05,3.577873e-05,2.314956e-05,0.0002573291,1.613064e-06,1.264574e-05
290322.58744922455,0.1795757,0.08628733,0.0003859652,0.0001709008,0.0007972827,0.002372463,0.0006407768,0.002180841,4.533152e-05,0.0003820267,8.042415e-05,0.000506455,8.086074e-05,0.0003703293,1.247372e-05,6.448247e-05,1.398424e-05,3.125407e-05,2.324502e-05,6.790074e-05,1.313114e-05,4.79444e-05,2.154707e-05,4.216763e-05,2.726819e-05,0.0003033437,1.901727e-06,1.491685e-05
298387.10160249384,0.2123846,0.1016966,0.0004541166,0.0002010912,0.0009377105,0.00279459,0.0007551884,0.002570125,5.337592e-05,0.0004499204,9.475312e-05,0.0005965041,9.524544e-05,0.0004362332,1.468311e-05,7.599423e-05,1.646845e-05,3.669737e-05,2.736969e-05,7.996778e-05,1.54723e-05,5.646943e-05,2.538708e-05,4.967136e-05,3.210323e-05,0.0003574222,2.241058e-06,1.75878e-05
306451.61149811296,0.2510043,0.1198037,0.0005340135,0.0002364843,0.001102365,0.003290343,0.0008896138,0.003027508,6.281616e-05,0.0005296449,0.0001115882,0.0007022665,0.0001121379,0.0005136463,1.727413e-05,8.951843e-05,1.938353e-05,4.306729e-05,3.221006e-05,9.414284e-05,1.822241e-05,6.648136e-05,2.989809e-05,5.848414e-05,3.777913e-05,0.0004209824,2.639991e-06,2.072931e-05
314516.1379959016,0.2964501,0.1410828,0.0006276699,0.0002779716,0.001295426,0.003872603,0.001047564,0.003564937,7.389409e-05,0.0006232684,0.0001313701,0.0008264968,0.0001319763,0.000604588,2.031229e-05,0.0001054076,2.280394e-05,5.052068e-05,3.789015e-05,0.0001107968,2.145306e-05,7.824052e-05,3.519777e-05,6.883506e-05,4.444258e-05,0.0004957008,3.109101e-06,2.442511e-05
322580.65163290186,0.3499181,0.1660941,0.0007374512,0.0003265998,0.00152181,0.004556578,0.001233185,0.00419653,8.689454e-05,0.000733232,0.0001546199,0.0009724492,0.0001552781,0.0007114439,2.387457e-05,0.0001240778,2.68173e-05,5.924123e-05,4.455603e-05,0.0001303681,2.524881e-05,9.205436e-05,4.142512e-05,8.09946e-05,5.226666e-05,0.0005835624,3.660917e-06,2.877448e-05
330645.1716321211,0.412819,0.1955014,0.0008661397,0.0003835997,0.00178731,0.005360252,0.001451385,0.004938997,0.0001021535,0.0008624225,0.0001819545,0.001143975,0.0001826548,0.0008370385,2.805154e-05,0.0001460216,3.152689e-05,6.94443e-05,5.237998e-05,0.0001533761,2.970969e-05,0.0001082866,4.874466e-05,9.52827e-05,6.145594e-05,0.0006869214,4.310314e-06,3.389537e-05
338709.6853356047,0.4868192,0.2300914,0.00101701,0.0004504195,0.002098756,0.006304924,0.00170798,0.005812143,0.0001200675,0.001014257,0.0002141059,0.001345636,0.0002148305,0.0009847188,3.294981e-05,0.0001718221,3.705453e-05,8.138244e-05,6.156543e-05,0.0001804369,3.495416e-05,0.0001273679,5.735132e-05,0.0001120782,7.225243e-05,0.0008085748,5.074979e-06,3.992822e-05
346774.2027418186,0.5738909,0.2707988,0.001193921,0.0005287654,0.00246421,0.007415851,0.002009874,0.006839481,0.0001411056,0.001192788,0.0002519433,0.001582848,0.0002526636,0.001158458,3.869507e-05,0.0002021715,4.354414e-05,9.535194e-05,7.235288e-05,0.0002122822,4.112277e-05,0.0001498093,6.747648e-05,0.0001318306,8.494284e-05,0.0009518502,5.975981e-06,4.704045e-05
354838.7131431832,0.6763714,0.3187352,0.001401421,0.0006206484,0.002893192,0.00872302,0.002365272,0.008048963,0.0001658227,0.001402823,0.0002965006,0.001862042,0.000297173,0.001362977,4.543559e-05,0.0002378918,5.116586e-05,0.0001117005,8.502696e-05,0.0002497817,4.838245e-05,0.0001762175,7.93951e-05,0.0001550733,9.986713e-05,0.001120712,7.038441e-06,5.543206e-05
362903.23029045004,0.7970372,0.3752248,0.00164488,0.0007284414,0.003396947,0.01026207,0.002783944,0.009473865,0.0001948763,0.001650075,0.0003490088,0.002190866,0.0003495691,0.001603892,5.334649e-05,0.0002799615,6.012117e-05,0.000130836,9.992485e-05,0.0002939704,5.693177e-05,0.0002073135,9.343429e-05,0.0001824407,0.0001174287,0.001319886,8.29235e-06,6.534221e-05
370967.74562263716,0.9391927,0.4418455,0.001930635,0.0008549447,0.003988753,0.01207539,0.003277523,0.01115382,0.0002290453,0.001941332,0.0004109339,0.002578412,0.0004112909,0.001887887,6.263464e-05,0.0003295451,7.064864e-05,0.000153237,0.0001174461,0.0003460794,6.700698e-05,0.0002439547,0.0001099834,0.0002146868,0.0001381064,0.001555012,9.773508e-06,7.705712e-05
379032.2614499032,1.106779,0.5204788,0.002266163,0.001003463,0.00468428,0.01421336,0.003859872,0.01313607,0.0002692533,0.002284657,0.0004840216,0.003035493,0.0004840486,0.00222291,7.354453e-05,0.00038803,8.3031e-05,0.0001794637,0.0001380644,0.0004075723,7.888933e-05,0.0002871601,0.000129506,0.0002527085,0.0001624678,0.001832807,1.152463e-05,9.091923e-05
387096.774184428,1.304505,0.6133655,0.002660288,0.001177896,0.005501971,0.0167358,0.0045475,0.01547683,0.0003165935,0.002689615,0.0005703471,0.003574937,0.0005698725,0.002618401,8.636501e-05,0.0004570678,9.760311e-05,0.0002101714,0.0001623404,0.0004801843,9.291327e-05,0.0003381388,0.0001525532,0.0002975705,0.0001911851,0.002161265,1.359655e-05,0.0001073377
395161.30871415196,1.538012,0.7231696,0.003123395,0.001382835,0.006463472,0.01971356,0.005360027,0.01824292,0.0003723586,0.003167521,0.0006723707,0.004211917,0.0006711668,0.00308554,0.000101437,0.0005386213,0.0001147611,0.000246124,0.000190937,0.0005659645,0.0001094758,0.0003983215,0.0001797788,0.0003505343,0.0002250514,0.002549855,1.604952e-05,0.0001267996
403225.8019333018,1.814065,0.8530429,0.003667674,0.001623673,0.007594024,0.02323013,0.006320674,0.02151339,0.0004380702,0.003731682,0.000792991,0.004964273,0.0007907644,0.003637484,0.0001191616,0.0006350138,0.0001349723,0.000288208,0.0002246345,0.0006673147,0.0001290458,0.0004693914,0.0002119541,0.0004130857,0.0002649963,0.003009715,1.895441e-05,0.0001498814
411290.3167096125,2.140788,1.006692,0.004307379,0.001906722,0.008922861,0.02738319,0.007456775,0.0253812,0.0005155115,0.004397642,0.0009355976,0.005852813,0.0009319822,0.004289604,0.0001400098,0.0007489812,0.0001587856,0.0003374466,0.000264347,0.0007870225,0.0001521746,0.0005533145,0.0002499841,0.0004869645,0.0003121021,0.003553822,2.239372e-05,0.0001772589
419354.83469565836,2.527946,1.188428,0.005059046,0.002239318,0.01048342,0.03228574,0.008800168,0.02995447,0.0006067526,0.005183327,0.001104101,0.006901478,0.001098659,0.005059612,0.0001645304,0.0008837133,0.0001868416,0.0003950109,0.0003111354,0.0009282714,0.0001795025,0.0006523577,0.0002949172,0.0005741824,0.0003676111,0.004197053,2.646182e-05,0.0002097125
427419.3703278985,2.987261,1.403187,0.005941683,0.002629913,0.01231335,0.03806634,0.01038742,0.03535716,0.0007141684,0.006109076,0.00130293,0.00813731,0.001295167,0.005967563,0.0001933581,0.001042879,0.0002198803,0.0004622265,0.0003662165,0.001094618,0.0002117634,0.0007690903,0.0003479495,0.0006770294,0.0004329244,0.004956086,3.126413e-05,0.0002481244
435483.88425791723,3.532772,1.656495,0.006976838,0.00308812,0.0144541,0.04486791,0.01225963,0.04172823,0.0008404355,0.007197396,0.001536966,0.009590042,0.00152638,0.007035559,0.0002272179,0.001230614,0.000258744,0.0005405724,0.0004309607,0.001289908,0.0002497803,0.0009063517,0.0004104134,0.0007980507,0.0005095827,0.005849016,3.691428e-05,0.0002934597
443548.3910483399,4.181223,1.954342,0.0081885,0.003624689,0.01694997,0.05284416,0.0144617,0.04921877,0.0009884994,0.008472368,0.001811393,0.01129115,0.001797555,0.008287077,0.0002669246,0.001451451,0.0003043736,0.000631668,0.000506875,0.001518114,0.0002944491,0.001067171,0.0004837457,0.0009399845,0.0005992197,0.006894569,4.352862e-05,0.0003467273
451612.9077757866,4.952424,2.302918,0.009602692,0.004251364,0.01984623,0.06215259,0.01704051,0.05798568,0.001161492,0.009958485,0.002131399,0.01327212,0.002114106,0.009745691,0.0003133732,0.001710155,0.0003577906,0.0007372412,0.0005955596,0.001783056,0.0003467032,0.001254616,0.0005694215,0.001105636,0.0007034787,0.008110741,5.121681e-05,0.0004089069
459677.42117530515,5.869525,2.708169,0.01124666,0.004980551,0.02318626,0.07294291,0.02004194,0.06818096,0.00136258,0.01167878,0.002501725,0.01556169,0.002481228,0.01143307,0.0003675157,0.002011437,0.0004200611,0.0008590716,0.0006986303,0.002087987,0.0004074522,0.001471543,0.0006688454,0.001297671,0.0008238806,0.009512759,6.006805e-05,0.0004808381
467741.9376467602,6.959098,3.175131,0.01314749,0.005824767,0.02700739,0.08534037,0.02350619,0.07993563,0.001594731,0.01365217,0.002926013,0.01818207,0.00290334,0.01336612,0.0004303203,0.002359506,0.0004922351,0.0009989022,0.0008175963,0.002435032,0.0004774899,0.00172025,0.0007831906,0.001518316,0.0009616383,0.01111033,7.013271e-05,0.0005630677
475806.45455589663,8.250852,3.707027,0.01533006,0.006795769,0.03133536,0.09942326,0.02746139,0.09333768,0.001860374,0.01588988,0.003405966,0.02114393,0.003383336,0.01555333,0.0005027061,0.002757449,0.0005752537,0.001158308,0.0009536862,0.002824507,0.0005573664,0.002002012,0.0009131829,0.001768953,0.001117416,0.01290427,8.140021e-05,0.0006556592
483870.97650112567,9.776752,4.304163,0.01781413,0.007903329,0.03617749,0.1151959,0.03191549,0.1084049,0.002160958,0.01839124,0.003940367,0.0244407,0.003921671,0.01799044,0.0005854504,0.003206445,0.0006698221,0.001338522,0.00110762,0.003254162,0.000647229,0.002316523,0.001058836,0.002049631,0.001291045,0.01488278,9.377548e-05,0.0007579834
491935.49106303614,11.56927,4.962697,0.02061055,0.009153606,0.04151489,0.1325587,0.0368471,0.1250546,0.002496411,0.02113908,0.004524054,0.02804248,0.004515336,0.02065595,0.0006790633,0.003704856,0.0007762458,0.001540196,0.001279331,0.003718446,0.0007466387,0.002661302,0.001219161,0.002358522,0.001481219,0.01701797,0.0001070575,0.0008685191
500000.0050000001,13.6585,5.673484,0.02371678,0.01054716,0.04729444,0.1512803,0.04219636,0.1430738,0.002864556,0.02409542,0.005147036,0.03189079,0.005156881,0.02350713,0.0007836339,0.00424732,0.0008942398,0.001763129,0.001467666,0.004207945,0.0008543891,0.003031128,0.001391884,0.00269141,0.001685211,0.01926328,0.0001209252,0.0009847133
508064.50692915457,16.06797,6.421171,0.02711176,0.01207665,0.05342138,0.1709753,0.04785736,0.1620964,0.003260518,0.02719822,0.00579391,0.03589496,0.005833606,0.02647733,0.0008986524,0.004823972,0.001022723,0.002005929,0.001670083,0.004709131,0.000968351,0.003417627,0.001573231,0.003041277,0.001898666,0.02155264,0.0001349354,0.00110294
516129.024022568,18.80904,7.18385,0.0307507,0.01372446,0.05975401,0.1910952,0.05367408,0.1815924,0.003676255,0.03036011,0.006443838,0.03993166,0.006527174,0.02947565,0.001022824,0.005419993,0.001159624,0.002265672,0.001882409,0.005204566,0.001085387,0.003809125,0.001757835,0.00339813,0.002115526,0.02380197,0.0001485373,0.001218605
524193.55293655227,21.87432,7.93346,0.03456049,0.01546046,0.0661018,0.2109364,0.05944164,0.2008749,0.004100283,0.03346987,0.007071201,0.0438483,0.007213798,0.0323895,0.001153895,0.00601566,0.001301735,0.00253756,0.002098705,0.005673658,0.001201366,0.004190867,0.001938819,0.003749135,0.002328133,0.02591348,0.0001611042,0.001326411
532258.0633741247,25.2307,8.637111,0.03843662,0.01724038,0.07222841,0.2296706,0.0649144,0.2191307,0.004517742,0.03639718,0.007647038,0.04747095,0.007865156,0.03509049,0.001288527,0.006587049,0.001444646,0.002814658,0.002311302,0.006093963,0.001311317,0.004545694,0.002108104,0.00407916,0.002527554,0.02778261,0.0001719826,0.001420776
540322.5849492245,28.81339,9.259322,0.04224277,0.01900528,0.07786094,0.246396,0.06982115,0.2354723,0.004910883,0.03900084,0.008141194,0.05061645,0.008450088,0.03744353,0.001422255,0.007107432,0.001582814,0.00308778,0.00251106,0.006442964,0.001409721,0.004855175,0.002256936,0.004371723,0.002704132,0.029307,0.0001805514,0.00149635
548387.0991024938,32.52207,9.76497,0.04581399,0.02068253,0.08270554,0.260207,0.07388647,0.249009,0.005260028,0.0411396,0.008524945,0.05310762,0.008936931,0.03931804,0.001549564,0.007549282,0.001709782,0.003345597,0.002687866,0.006700096,0.001490939,0.005101096,0.002376599,0.004610283,0.002848216,0.03039628,0.0001862842,0.001548564
556451.608998113,36.22116,10.12263,0.04896464,0.02218888,0.08646929,0.270276,0.07685624,0.2589291,0.005544996,0.0426848,0.008773814,0.05478992,0.009296325,0.04060023,0.00166413,0.00788671,0.001818577,0.003575068,0.002831375,0.006848778,0.001549731,0.005267193,0.00245925,0.00477976,0.002951011,0.03098129,0.000188805,0.001574117
564516.1354959016,39.74498,10.30786,0.05150103,0.02343574,0.08888666,0.2759343,0.07852378,0.2645815,0.00574687,0.04353303,0.008870143,0.05554714,0.009504097,0.04120461,0.001759222,0.008097999,0.001902267,0.003762239,0.002931925,0.006878155,0.001581796,0.005340863,0.002498743,0.004868077,0.003005447,0.03102138,0.0001879283,0.001571331
572580.6491329018,42.9085,10.30583,0.05323867,0.0243366,0.08974772,0.2767439,0.07875291,0.2655455,0.005849948,0.04361717,0.008805053,0.05531409,0.009543865,0.04108303,0.001828271,0.008167903,0.001954626,0.003893416,0.002981545,0.006784292,0.001584269,0.005314634,0.002491345,0.004867511,0.003006937,0.03050862,0.0001836781,0.001540309
580645.1691321211,45.52301,10.11315,0.05402227,0.02481602,0.08892445,0.2725478,0.0774944,0.2616782,0.005843594,0.04291416,0.008579502,0.05408424,0.009408956,0.04023014,0.001865555,0.008089352,0.00197085,0.003956628,0.002974908,0.006570645,0.001556087,0.005187156,0.002436218,0.004775654,0.00295393,0.02946844,0.000176283,0.001482884
588709.6828356046,47.41483,9.738246,0.05374604,0.02481905,0.08639089,0.2634912,0.07479312,0.2531318,0.005723724,0.04144837,0.008204263,0.05191125,0.009103349,0.03868421,0.001866904,0.007864317,0.00194819,0.003943216,0.002910087,0.006247754,0.001498166,0.004963542,0.002335588,0.004595816,0.002848163,0.02795659,0.0001661494,0.001402381
596774.2002418186,48.44462,9.200578,0.05237093,0.02431958,0.08223322,0.2500116,0.07078465,0.2403394,0.005493637,0.03928988,0.007698857,0.04890406,0.008641478,0.03652348,0.001830334,0.007503686,0.001886419,0.003849259,0.002788974,0.005832197,0.001413354,0.004654989,0.00219457,0.004336807,0.002694569,0.02605321,0.0001538174,0.001303237
604838.7106431833,48.52401,8.528654,0.04993507,0.02332604,0.07664698,0.232797,0.06568198,0.2239713,0.005164029,0.03654801,0.007089601,0.04521645,0.008046915,0.03385843,0.001756465,0.007026199,0.001788018,0.003676565,0.002617266,0.005344989,0.001306166,0.004277722,0.002020673,0.004012107,0.002500841,0.02385479,0.000139908,0.001190544
612903.22779045,47.62702,7.757187,0.04655481,0.02188295,0.0699208,0.2127203,0.05975413,0.2048685,0.004752105,0.03336101,0.006407076,0.04103241,0.007350113,0.03082133,0.001648636,0.006456594,0.00165803,0.003432939,0.002403989,0.004809637,0.001182333,0.003851406,0.001823052,0.003638564,0.002276714,0.02146538,0.0001250668,0.001069587
620967.7431226372,45.79402,6.923836,0.04241502,0.02006771,0.06240836,0.1907581,0.05330012,0.1839641,0.004279902,0.02988322,0.005683359,0.0365495,0.00658553,0.02755435,0.001512654,0.005823242,0.001503585,0.003131604,0.002160605,0.004250122,0.001048234,0.003397259,0.001611621,0.003234775,0.002033071,0.01898804,0.0001099139,0.0009454289
629032.2589499032,43.12775,6.065952,0.03774966,0.01798259,0.05449265,0.1679052,0.04662175,0.1622019,0.003772058,0.02627159,0.004949389,0.03196225,0.00578853,0.02419781,0.001356199,0.005155603,0.001333151,0.002789783,0.001899852,0.003689046,0.0009102955,0.00293613,0.001396156,0.002819409,0.001780968,0.01651758,9.50023e-05,0.0008225866
637096.7716844281,39.78203,5.217722,0.03281573,0.01574346,0.04654806,0.1450949,0.03999885,0.1404631,0.003253365,0.02267315,0.004232742,0.02744764,0.004992474,0.02088,0.001187976,0.004481824,0.001155645,0.002426711,0.00163447,0.003146133,0.0007744388,0.002486791,0.001185497,0.002409673,0.001530741,0.01413505,8.078995e-05,0.0007048117
645161.306214152,35.94505,4.407994,0.02786517,0.01346698,0.03890648,0.1231354,0.03366977,0.1195087,0.002746494,0.01921487,0.003556039,0.02315408,0.004226318,0.01770936,0.001016757,0.003826751,0.0009795341,0.002061428,0.001376028,0.002637205,0.0006456449,0.00206465,0.0009869437,0.002020096,0.001291265,0.01190435,6.762414e-05,0.0005949779
653225.7994333019,31.82006,3.658957,0.02311986,0.01125872,0.03183209,0.1026666,0.02781882,0.09994098,0.002270215,0.01599688,0.002936068,0.01919473,0.003512996,0.01476967,0.0008504972,0.003210534,0.0008120827,0.001710776,0.001134025,0.002173684,0.0005276806,0.001681013,0.0008059045,0.001661773,0.00106947,0.009870952,5.573888e-05,0.0004950652
661290.3142096126,27.60602,2.985624,0.01875329,0.009203953,0.02550767,0.08413913,0.02257102,0.08218596,0.001838289,0.01308923,0.002383573,0.01564505,0.002868608,0.01211824,0.0006956391,0.002647879,0.0006588349,0.001387942,0.0009153353,0.001762556,0.0004229929,0.001342861,0.0006457853,0.001342055,0.0008701135,0.008062304,4.526138e-05,0.0004062147
669354.8321956585,23.4813,2.396126,0.0148816,0.0073626,0.02003308,0.06781587,0.01799374,0.06649572,0.001459142,0.01053222,0.001903669,0.01254452,0.002302454,0.009786858,0.0005567292,0.002147962,0.0005233958,0.001101729,0.0007240721,0.001406764,0.000332766,0.001053151,0.0005081152,0.001064688,0.0006958153,0.0064897,3.622648e-05,0.0003288387
677419.3678278986,19.59168,1.892534,0.01156344,0.005768171,0.01543349,0.05379036,0.01410354,0.05296528,0.001136195,0.008339363,0.001496651,0.009901175,0.001817694,0.007784718,0.0004363349,0.001714851,0.0004074797,0.0008565541,0.0005617792,0.001105847,0.0002570923,0.0008114351,0.0003928258,0.0008302724,0.0005472907,0.005150998,2.859459e-05,0.0002627564
685483.8817579172,16.04381,1.472069,0.008807202,0.004430341,0.01167454,0.04201681,0.01087632,0.04156011,0.0008686869,0.006502261,0.00115907,0.007697972,0.001412467,0.006102753,0.000335229,0.00134831,0.0003111747,0.0006530189,0.000427878,0.0008567524,0.0001952195,0.0006147004,0.0002986292,0.0006369325,0.0004237195,0.004033799,2.227146e-05,0.0002073418
693548.3885483398,12.90392,1.128438,0.006582622,0.003339784,0.008680257,0.03234588,0.008258892,0.03214844,0.0006527569,0.004996349,0.0008848614,0.005899968,0.001081208,0.004718479,0.0002527477,0.001044803,0.0002333294,0.0004888159,0.0003202378,0.0006546586,0.0001458185,0.0004582403,0.0002234187,0.0004810592,0.0003231721,0.003118642,1.712715e-05,0.0001616648
701612.9052757865,10.20096,0.853156,0.004833931,0.002474037,0.006350799,0.02456099,0.006180315,0.02453417,0.0004825807,0.003786676,0.0006664312,0.004461228,0.0008159843,0.00360082,0.0001872282,0.0007985442,0.0001719804,0.0003597477,0.0002357662,0.0004937491,0.0001072398,0.000336467,0.0001646447,0.0003580289,0.0002430333,0.002381958,1.301288e-05,0.0001246189
709677.4186753052,7.932723,0.6367001,0.00349216,0.00180321,0.004577516,0.01841086,0.004561741,0.0184867,0.0003513921,0.002833072,0.0004955697,0.003330847,0.0006076905,0.002714373,0.0001364364,0.0006024775,0.000124748,0.0002606635,0.000170933,0.0003678562,7.772709e-05,0.0002435732,0.0001196253,0.0002628168,0.0001803734,0.001798555,9.774847e-06,9.502813e-05
717741.9351467604,6.073633,0.4694221,0.002485075,0.001294771,0.003254209,0.01363594,0.003324122,0.01376523,0.0002522908,0.002094296,0.0003641579,0.002457678,0.0004470008,0.002022845,9.79291e-05,0.0004490854,8.9155e-05,0.0001862024,0.0001221787,0.0002709496,5.557681e-05,0.0001740139,8.577558e-05,0.0001904652,0.0001322396,0.001343537,7.264429e-06,7.172847e-05
725806.4520558966,4.582716,0.3422067,0.001744184,0.0009170567,0.002284441,0.009987697,0.002393603,0.01013704,0.0001788066,0.001531055,0.0002646566,0.001793678,0.0003250583,0.001491565,6.93205e-05,0.0003310085,6.285354e-05,0.0001313081,8.619484e-05,0.00019747,3.924259e-05,0.0001228118,6.075661e-05,0.0001364028,9.58612e-05,0.0009936504,5.345194e-06,5.362704e-05
733870.9740011257,3.410849,0.2468799,0.001208915,0.0006414966,0.001585353,0.007241021,0.001704743,0.007389421,0.0001252327,0.001107913,0.0001903957,0.001295961,0.0002339061,0.001089106,4.845243e-05,0.000241462,4.376159e-05,9.152804e-05,6.008532e-05,0.0001425211,2.739059e-05,8.570963e-05,4.25536e-05,9.662536e-05,6.877375e-05,0.000728117,3.896864e-06,3.973901e-05
741935.4885630363,2.506642,0.1764119,0.0008284605,0.0004437161,0.001088826,0.005200773,0.001201978,0.00533638,8.677018e-05,0.0007942638,0.0001357007,0.0009277689,0.0001667026,0.0007881401,3.348041e-05,0.0001744741,3.012515e-05,6.313903e-05,4.143126e-05,0.0001019486,1.891711e-05,5.920734e-05,2.949911e-05,6.776848e-05,4.88763e-05,0.000529025,2.816929e-06,2.92067e-05
750000.0025,1.8207,0.1249623,0.0005619744,0.0003038226,0.0007408455,0.003703713,0.0008397546,0.003820998,5.953721e-05,0.0005645973,9.589956e-05,0.0006586422,0.0001177728,0.0005657049,2.289707e-05,0.0001249827,2.052631e-05,4.315311e-05,2.828868e-05,7.233602e-05,1.294e-05,4.052165e-05,2.025888e-05,4.71008e-05,3.443915e-05,0.0003813961,2.020501e-06,2.130442e-05
758064.5044291546,1.308344,0.08781951,0.0003777416,0.0002061579,0.0004998701,0.002617346,0.0005818362,0.002714843,4.049449e-05,0.0003982742,6.725234e-05,0.0004640536,8.254938e-05,0.0004030545,1.551483e-05,8.882943e-05,1.385754e-05,2.925156e-05,1.914479e-05,5.094884e-05,8.774851e-06,2.750143e-05,1.379572e-05,3.246918e-05,2.407962e-05,0.0002730295,1.439031e-06,1.543345e-05
766129.0215225682,0.9310076,0.06127711,0.0002518476,0.0001387627,0.0003347648,0.001836847,0.0004001255,0.001915482,2.732687e-05,0.0002790164,4.683635e-05,0.0003247309,5.745048e-05,0.0002852608,1.042614e-05,6.268814e-05,9.278425e-06,1.968437e-05,1.285414e-05,3.564815e-05,5.904029e-06,1.85246e-05,9.323147e-06,2.221848e-05,1.671988e-05,0.0001942096,1.018361e-06,1.11106e-05
774193.5504365523,0.6566411,0.04248319,0.0001667026,9.273245e-05,0.000222709,0.00128111,0.0002733212,0.001343032,1.831215e-05,0.0001942653,3.241556e-05,0.0002258522,3.9729e-05,0.000200689,6.955171e-06,4.395926e-05,6.166861e-06,1.316147e-05,8.569645e-06,2.479481e-05,3.944709e-06,1.239403e-05,6.257697e-06,1.510401e-05,1.153781e-05,0.0001373531,7.165242e-07,7.953464e-06
782258.0608741248,0.4594348,0.02928488,0.0001096407,6.157965e-05,0.0001472933,0.0008885736,0.0001855855,0.0009363944,1.219508e-05,0.000134515,2.231044e-05,0.0001562275,2.731848e-05,0.0001404387,4.609622e-06,3.065111e-05,4.072068e-06,8.75057e-06,5.677461e-06,1.715472e-05,2.619203e-06,8.242653e-06,4.174663e-06,1.020745e-05,7.918026e-06,9.664406e-05,5.015559e-07,5.664603e-06
790322.5824492245,0.3191501,0.02008399,7.170565e-05,4.066436e-05,9.691152e-05,0.0006132839,0.0001253418,0.0006496243,8.076739e-06,9.268789e-05,1.527964e-05,0.000107544,1.869026e-05,9.781104e-05,3.037571e-06,2.126395e-05,2.673331e-06,5.789207e-06,3.7405e-06,1.181301e-05,1.72947e-06,5.45262e-06,2.769984e-06,6.862366e-06,5.407355e-06,6.768972e-05,3.49469e-07,4.016144e-06
798387.0966024939,0.2202788,0.01371158,4.666409e-05,2.672117e-05,6.347251e-05,0.0004214405,8.42543e-05,0.0004486855,5.323227e-06,6.35912e-05,1.041869e-05,7.37143e-05,1.273023e-05,6.783626e-05,1.991547e-06,1.468564e-05,1.74612e-06,3.813487e-06,2.452302e-06,8.100753e-06,1.13638e-06,3.590006e-06,1.829161e-06,4.592234e-06,3.676839e-06,4.721766e-05,2.425059e-07,2.835907e-06
806451.6064981129,0.1511692,0.009323617,3.023603e-05,1.748333e-05,4.140537e-05,0.0002884961,5.639915e-05,0.0003086892,3.493456e-06,4.346244e-05,7.076685e-06,5.033536e-05,8.636696e-06,4.687295e-05,1.299947e-06,1.010227e-05,1.135391e-06,2.502562e-06,1.600822e-06,5.534656e-06,7.434501e-07,2.353851e-06,1.202791e-06,3.060582e-06,2.490632e-06,3.28189e-05,1.676733e-07,1.995335e-06
814516.1329959017,0.103216,0.006317524,1.951705e-05,1.139602e-05,2.69156e-05,0.0001968215,3.761432e-05,0.0002116419,2.28404e-06,2.960556e-05,4.790314e-06,3.425683e-05,5.839217e-06,3.228208e-05,8.452214e-07,6.925122e-06,7.353698e-07,1.636881e-06,1.041037e-06,3.769185e-06,4.845328e-07,1.53771e-06,7.879726e-07,2.03248e-06,1.681472e-06,2.273868e-05,1.155629e-07,1.399462e-06
822580.6466329019,0.07015843,0.004267379,1.255628e-05,7.403732e-06,1.744298e-05,0.0001338796,2.500513e-05,0.0001446655,1.488414e-06,2.010731e-05,3.232929e-06,2.324616e-05,3.935882e-06,2.216935e-05,5.476947e-07,4.732628e-06,4.746445e-07,1.067592e-06,6.747583e-07,2.559576e-06,3.147321e-07,1.00133e-06,5.145334e-07,1.345497e-06,1.131867e-06,1.571069e-05,7.942417e-08,9.787956e-07
830645.166632121,0.04749993,0.002874704,8.054705e-06,4.796225e-06,1.127396e-05,9.082923e-05,1.657576e-05,9.862194e-05,9.671534e-07,1.362118e-05,2.17614e-06,1.573413e-05,2.645902e-06,1.518626e-05,3.538485e-07,3.225582e-06,3.054374e-07,6.945639e-07,4.360848e-07,1.733826e-06,2.038382e-07,6.502207e-07,3.35022e-07,8.882651e-07,7.59951e-07,1.082834e-05,5.445226e-08,6.828969e-07
838709.6803356048,0.03204752,0.001931927,5.153981e-06,3.099286e-06,7.269775e-06,6.148213e-05,1.096077e-05,6.707671e-05,6.268705e-07,9.206565e-06,1.461436e-06,1.062581e-05,1.774582e-06,1.037989e-05,2.280203e-07,2.193266e-06,1.960355e-07,4.509003e-07,2.811223e-07,1.171916e-06,1.316794e-07,4.211916e-07,2.175941e-07,5.850021e-07,5.090991e-07,7.447288e-06,3.725132e-08,4.754255e-07
846774.1977418186,0.0215561,0.001295642,3.290663e-06,1.998382e-06,4.678277e-06,4.15346e-05,7.232168e-06,4.552896e-05,4.05426e-07,6.210508e-06,9.794939e-07,7.161979e-06,1.187784e-06,7.081089e-06,1.466063e-07,1.488269e-06,1.255315e-07,2.921695e-07,1.808268e-07,7.906085e-07,8.487493e-08,2.722514e-07,1.410176e-07,3.844683e-07,3.40385e-07,5.112362e-06,2.543595e-08,3.303626e-07
854838.7081431833,0.01446059,0.0008673452,2.096993e-06,1.286099e-06,3.005295e-06,2.801047e-05,4.76296e-06,3.084855e-05,2.6171e-07,4.182287e-06,6.553368e-07,4.819094e-06,7.936191e-07,4.822593e-06,9.407694e-08,1.008077e-06,8.02244e-08,1.890096e-07,1.160909e-07,5.324843e-07,5.46004e-08,1.756516e-07,9.121666e-08,2.522145e-07,2.271956e-07,3.503777e-06,1.733963e-08,2.291841e-07
862903.2252904502,0.009678062,0.0005797135,1.334113e-06,8.26339e-07,1.927636e-06,1.886155e-05,3.131643e-06,2.086951e-05,1.686599e-07,2.812252e-06,4.377908e-07,3.237836e-06,5.294433e-07,3.279656e-06,6.02666e-08,6.817548e-07,5.118102e-08,1.221018e-07,7.440639e-08,3.581179e-07,3.506523e-08,1.131439e-07,5.890566e-08,1.651919e-07,1.514213e-07,2.397916e-06,1.180345e-08,1.58765e-07
870967.740622637,0.00646409,0.0003869358,8.475516e-07,5.301816e-07,1.234776e-06,1.268431e-05,2.056117e-06,1.409963e-05,1.085379e-07,1.888571e-06,2.920752e-07,2.172631e-06,3.52734e-07,2.227544e-06,3.855061e-08,4.60441e-07,3.260315e-08,7.878287e-08,4.762061e-08,2.405477e-07,2.248634e-08,7.277792e-08,3.798535e-08,1.080458e-07,1.007898e-07,1.639061e-06,8.024851e-09,1.098456e-07
879032.2564499032,0.004309802,0.0002579568,5.377751e-07,3.397475e-07,7.900471e-07,8.520479e-06,1.348297e-06,9.514764e-06,6.976077e-08,1.26685e-06,1.946364e-07,1.456238e-06,2.34732e-07,1.511288e-06,2.462818e-08,3.106051e-07,2.074174e-08,5.077903e-08,3.043936e-08,1.614003e-07,1.440146e-08,4.675612e-08,2.446436e-08,7.058399e-08,6.701358e-08,1.119154e-06,5.449978e-09,7.591699e-08
887096.769184428,0.002869053,0.0001717933,3.408544e-07,2.174828e-07,5.049946e-07,5.717866e-06,8.831953e-07,6.414309e-06,4.478925e-08,8.48975e-07,1.295751e-07,9.751213e-07,1.560492e-07,1.024363e-06,1.571643e-08,2.093147e-07,1.318078e-08,3.269956e-08,1.943591e-08,1.081927e-07,9.213262e-09,3.000669e-08,1.573918e-08,4.606313e-08,4.45133e-08,7.634495e-07,3.697809e-09,5.241866e-08
895161.3037141521,0.001907385,0.0001143078,2.158405e-07,1.39089e-07,3.225128e-07,3.833835e-06,5.779936e-07,4.320374e-06,2.87297e-08,5.684579e-07,8.618736e-08,6.524096e-07,1.036507e-07,6.937481e-07,1.001983e-08,1.409308e-07,8.367829e-09,2.104057e-08,1.23984e-08,7.246633e-08,5.888482e-09,1.923975e-08,1.011634e-08,3.003373e-08,2.95429e-08,5.20379e-07,2.506917e-09,3.616407e-08
903225.7969333018,0.001266588,7.59993e-05,1.36568e-07,8.888226e-08,2.05819e-07,2.5687e-06,3.77955e-07,2.907801e-06,1.841362e-08,3.803522e-07,5.728517e-08,4.36182e-07,6.879502e-08,4.695046e-07,6.382764e-09,9.481569e-08,5.307851e-09,1.352942e-08,7.902675e-09,4.850297e-08,3.760397e-09,1.232644e-08,6.497003e-09,1.956715e-08,1.959311e-08,3.544511e-07,1.698361e-09,2.493227e-08
911290.3117096126,0.0008402238,5.049531e-05,8.63501e-08,5.675938e-08,1.312637e-07,1.719949e-06,2.469753e-07,1.955792e-06,1.179353e-08,2.543308e-07,3.805043e-08,2.91435e-07,4.563082e-08,3.175475e-07,4.062998e-09,6.374789e-08,3.364395e-09,8.694516e-09,5.033577e-09,3.244398e-08,2.39967e-09,7.89182e-09,4.169632e-09,1.273951e-08,1.298617e-08,2.412846e-07,1.149884e-09,1.717826e-08
919354.8296956585,0.0005568986,3.353051e-05,5.456524e-08,3.622442e-08,8.36686e-08,1.151007e-06,1.61289e-07,1.314723e-06,7.548956e-09,1.699711e-07,2.526004e-08,1.946166e-07,3.024926e-08,2.14657e-07,2.584737e-09,4.283534e-08,2.131184e-09,5.584596e-09,3.204168e-09,2.169052e-08,1.53038e-09,5.049625e-09,2.674353e-09,8.289424e-09,8.602484e-09,1.64163e-07,7.781234e-10,1.182948e-08
927419.3653278985,0.0003688327,2.225413e-05,3.446226e-08,2.310689e-08,5.330548e-08,7.698975e-07,1.052759e-07,8.833488e-07,4.82951e-09,1.135392e-07,1.676093e-08,1.299014e-07,2.004285e-08,1.450374e-07,1.643441e-09,2.876886e-08,1.349266e-09,3.585485e-09,2.038569e-09,1.449462e-08,9.754689e-10,3.229371e-09,1.714397e-09,5.391092e-09,5.69591e-09,1.116411e-07,5.263129e-10,8.142401e-09
935483.8792579173,0.000244118,1.476362e-05,2.175592e-08,1.473293e-08,3.394705e-08,5.147651e-07,6.868434e-08,5.932622e-07,3.088335e-09,7.581239e-08,1.111683e-08,8.667059e-08,1.327461e-08,9.79584e-08,1.044462e-09,1.931334e-08,8.538278e-10,2.301128e-09,1.296399e-09,9.682158e-09,6.214791e-10,2.064358e-09,1.09852e-09,3.504616e-09,3.769879e-09,7.589326e-08,3.558512e-10,5.602309e-09
943548.38604834,0.0001614824,9.790675e-06,1.372915e-08,9.390109e-09,2.161111e-08,3.440572e-07,4.479376e-08,3.982925e-07,1.974137e-09,5.060364e-08,7.37068e-09,5.780664e-08,8.788735e-09,6.613838e-08,6.635269e-10,1.296079e-08,5.400903e-10,1.47636e-09,8.241047e-10,6.465311e-09,3.957908e-10,1.319125e-09,7.036141e-10,2.277409e-09,2.494251e-09,5.157458e-08,2.405164e-10,3.853298e-09
951612.9027757866,0.0001067674,6.490697e-06,8.660938e-09,5.98285e-09,1.375365e-08,2.298892e-07,2.920323e-08,2.67313e-07,1.261491e-09,3.37669e-08,4.885381e-09,3.854358e-08,5.816938e-09,4.464117e-08,4.213813e-10,8.694932e-09,3.41515e-10,9.469386e-10,5.236954e-10,4.31597e-09,2.519732e-10,8.426427e-10,4.505199e-10,1.47945e-09,1.649765e-09,3.503814e-08,1.625147e-10,2.649532e-09
959677.4161753051,7.056174e-05,4.301785e-06,5.46212e-09,3.810848e-09,8.750714e-09,1.535646e-07,1.903348e-08,1.793575e-07,8.058705e-10,2.252613e-08,3.237222e-09,2.569289e-08,3.848974e-09,3.012353e-08,2.675244e-10,5.831511e-09,2.158845e-10,6.072202e-10,3.326967e-10,2.880426e-09,1.603663e-10,5.381174e-10,2.883811e-10,9.608105e-10,1.090915e-09,2.379781e-08,1.097818e-10,1.821355e-09
967741.9326467603,4.661672e-05,2.850369e-06,3.443892e-09,2.426767e-09,5.566332e-09,1.025567e-07,1.240214e-08,1.20314e-07,5.146807e-10,1.502393e-08,2.144597e-09,1.712285e-08,2.546208e-09,2.032261e-08,1.698012e-10,3.910141e-09,1.36433e-10,3.892958e-10,2.113044e-10,1.921939e-09,1.020375e-10,3.435608e-10,1.845483e-10,6.238355e-10,7.21211e-10,1.615989e-08,7.414335e-11,1.251768e-09
975806.4495558965,3.078774e-05,1.888265e-06,2.170926e-09,1.545049e-09,3.540043e-09,6.847801e-08,8.079431e-09,8.069096e-08,3.286373e-10,1.001834e-08,1.420469e-09,1.140918e-08,1.68405e-09,1.370787e-08,1.077512e-10,2.621285e-09,8.620245e-11,2.495371e-10,1.341759e-10,1.282154e-09,6.490974e-11,2.192997e-10,1.180753e-10,4.049596e-10,4.767049e-10,1.09713e-08,5.006472e-11,8.60142e-10
983870.9715011256,2.032806e-05,1.250681e-06,1.368233e-09,9.83505e-10,2.250991e-09,4.571555e-08,5.2624e-09,5.410744e-08,2.098045e-10,6.679357e-09,9.406813e-10,7.600806e-09,1.113629e-09,9.244601e-09,6.836296e-11,1.756948e-09,5.445464e-11,1.599273e-10,8.51841e-11,8.552033e-10,4.128349e-11,1.399564e-10,7.553115e-11,2.6283e-10,3.150388e-10,7.447443e-09,3.380026e-11,5.909419e-10
991935.4860630361,1.341877e-05,8.28253e-07,8.621957e-10,6.25954e-10,1.431117e-09,3.051496e-08,3.427024e-09,3.627634e-08,1.339194e-10,4.452566e-09,6.228573e-10,5.062933e-09,7.3631e-10,6.23368e-09,4.336592e-11,1.177436e-09,3.439359e-11,1.024831e-10,5.407202e-11,5.703446e-10,2.625252e-11,8.930561e-11,4.830846e-11,1.705574e-10,2.08169e-10,5.054703e-09,2.28164e-11,4.059361e-10
1000000.0,8.856081e-06,5.4843e-07,5.432404e-10,3.983355e-10,9.097477e-10,2.036604e-08,2.231464e-09,2.431829e-08,8.546961e-11,2.967778e-09,4.12362e-10,3.372021e-09,4.867709e-10,4.202881e-09,2.75052e-11,7.889654e-10,2.171986e-11,6.566463e-11,3.431832e-11,3.803227e-10,1.669182e-11,5.697779e-11,3.089297e-11,1.106645e-10,1.375352e-10,3.430295e-09,1.540001e-11,2.788157e-10
