i,eV,hit_status,x_0,y_0,z_0,v_x,v_y,v_z
0,7.461961e+00,miss,53.741090,58.348096,10.363151,-3.475309e+03,-2.699069e+03,-7.222521e+02
1,1.453027e+01,miss,-7.044606,-14.697498,-78.322137,-9.923549e+02,9.502692e+02,6.068938e+03
2,1.894328e+01,miss,77.780168,17.166498,-7.453646,-6.789172e+03,-1.902671e+03,8.754494e+02
3,2.393225e+01,miss,60.829508,27.163487,-44.293521,-4.796961e+03,-4.001737e+03,4.974851e+03
4,2.915234e+01,miss,-69.816556,-11.926889,-37.194056,7.578404e+03,-8.483926e+02,4.419527e+03
5,2.985720e+01,miss,0.910003,-11.850085,79.112245,-1.085363e+03,3.091651e+03,-8.296153e+03
6,3.528144e+01,miss,2.937395,-72.888083,32.843554,2.059250e+03,8.593075e+03,-3.991915e+03
7,3.605644e+01,miss,0.381819,-18.105584,77.923309,1.801311e+03,5.987606e+02,-9.616590e+03
8,4.198380e+01,miss,-73.518964,31.043370,5.592054,1.041184e+04,-1.669366e+03,-8.270174e+02
9,4.240526e+01,miss,12.662377,21.881220,-75.900437,8.103215e+02,-1.982662e+03,1.041214e+04
10,5.665948e+01,miss,-67.388470,-1.915574,43.071158,9.086287e+03,5.122342e+02,-8.255988e+03
11,5.714893e+01,miss,15.464628,9.914339,77.862386,-4.483898e+03,5.004691e+02,-1.148620e+04
12,5.813414e+01,miss,68.127674,-40.976873,8.917170,-8.900714e+03,8.548642e+03,-1.616157e+03
13,5.862990e+01,miss,3.886808,-30.452448,73.875173,-1.887202e+03,1.969731e+03,-1.219810e+04
14,6.507522e+01,miss,-41.723531,-44.176395,-52.034538,9.014556e+03,4.946913e+03,8.226553e+03
15,6.612625e+01,miss,-27.699135,74.977564,-3.335078,5.209205e+03,-1.220153e+04,4.449782e+02
16,7.351608e+01,miss,41.977585,-64.778756,21.014165,-9.102483e+03,1.016844e+04,-3.106594e+03
17,7.407346e+01,miss,33.942484,70.207062,-17.857105,-2.886847e+03,-1.327363e+04,3.586822e+03
18,7.520936e+01,miss,-56.868556,0.543094,-56.264308,1.106011e+04,-2.021282e+03,8.602554e+03
19,7.577311e+01,miss,27.099004,-41.515503,62.786200,-2.240492e+03,9.352271e+03,-1.046102e+04
20,7.633896e+01,miss,-11.866696,76.199052,21.281119,9.984892e+02,-1.388757e+04,-3.092584e+03
21,8.307739e+01,miss,4.257924,67.077869,43.386975,-2.466363e+03,-1.301728e+04,-6.771223e+03
22,8.486104e+01,miss,-31.389612,-68.197737,27.636225,6.613661e+03,1.283175e+04,-4.211957e+03
23,8.545980e+01,miss,6.312052,-9.216022,-79.216305,1.019635e+03,4.573917e+03,1.434469e+04
24,8.606067e+01,miss,-65.819894,42.489585,-16.198048,1.091366e+04,-9.765860e+03,3.853773e+03
25,9.258117e+01,miss,45.576986,-11.368477,64.757209,-1.060421e+04,-5.625830e+02,-1.157331e+04
26,9.320652e+01,miss,-26.974249,-37.748659,-65.172300,1.468952e+03,8.311483e+03,1.330921e+04
27,9.509522e+01,miss,7.041686,23.279307,-76.213441,1.142102e+03,-1.597758e+03,1.579713e+04
28,9.574574e+01,miss,-23.776736,15.023657,-74.892967,6.642560e+03,3.895925e+02,1.452118e+04
29,9.638168e+01,miss,-21.840306,24.666841,72.900946,5.575611e+02,-4.064061e+03,-1.549217e+04
30,1.032578e+02,miss,-16.280917,5.031049,-78.164060,4.163519e+03,2.927542e+03,1.578773e+04
31,1.039356e+02,miss,28.471008,-18.339959,-72.477911,-9.067003e+03,3.291659e+03,1.356166e+04
32,1.079424e+02,miss,32.717810,-72.387345,9.466638,-1.052207e+04,1.312517e+04,-2.158092e+03
33,1.138418e+02,miss,29.125041,-57.430801,-47.470361,-2.440203e+03,1.271199e+04,1.165388e+04
34,1.145352e+02,miss,-19.541982,77.491669,-3.626584,6.198879e+02,-1.743388e+04,9.407716e+02
35,1.152306e+02,miss,42.878001,-42.042551,-52.857364,-1.111863e+04,5.306055e+03,1.246132e+04
36,1.159282e+02,miss,-1.293430,-4.617847,79.856136,-3.958078e+03,3.196209e+02,-1.712171e+04
37,1.166278e+02,miss,73.337347,31.842024,2.778328,-1.502248e+04,-9.211379e+03,-5.113671e+02
38,1.187394e+02,miss,23.461836,-13.552139,-75.272052,-2.326234e+03,6.320569e+03,1.646366e+04
39,1.194475e+02,miss,78.676501,-5.266376,13.500872,-1.766553e+04,6.140124e+02,-2.419068e+03
40,1.263777e+02,miss,-42.425051,16.881947,-65.689534,1.070508e+04,5.750725e+02,1.489422e+04
41,1.278407e+02,miss,42.536214,61.424626,-28.595207,-5.833179e+03,-1.587009e+04,7.401363e+03
42,1.293316e+02,miss,-10.977021,-76.559465,20.448797,7.566661e+02,1.750790e+04,-6.126945e+03
43,1.300706e+02,miss,21.185985,-35.104952,-68.693496,-8.532988e+02,1.018017e+04,1.556419e+04
44,1.380393e+02,miss,-34.142577,-36.162701,62.662138,4.416517e+03,1.150044e+04,-1.469955e+04
45,1.388229e+02,miss,56.655367,-19.379548,53.052828,-1.306440e+04,8.350083e+03,-1.138104e+04
46,1.395884e+02,miss,13.089955,-60.587093,50.575263,1.647294e+03,1.489105e+04,-1.214552e+04
47,1.411258e+02,miss,42.686350,-4.512966,-67.509323,-1.251802e+04,3.507734e+03,1.438966e+04
48,1.434476e+02,miss,16.867994,34.095228,70.377455,-4.698025e+03,-3.732162e+03,-1.860790e+04
49,1.442258e+02,miss,58.566679,43.478734,-32.856412,-1.175251e+04,-1.389797e+04,7.283748e+03
50,1.494423e+02,miss,1.349973,-73.061290,-32.561103,-4.909732e+03,1.709345e+04,9.051929e+03
51,1.502365e+02,miss,-12.082958,26.197890,74.616839,-1.898930e+03,-7.315896e+03,-1.852612e+04
52,1.510328e+02,miss,-54.701635,-33.752785,-47.628569,1.371959e+04,1.067310e+04,1.001624e+04
53,1.526318e+02,miss,50.269159,-60.589827,-14.208609,-1.186560e+04,1.604934e+04,2.890435e+03
54,1.534345e+02,miss,-75.719352,-13.729655,-21.864955,1.778808e+04,6.842637e+03,6.754969e+03
55,1.558551e+02,miss,-54.084270,57.430056,13.292115,1.308000e+04,-1.497340e+04,-4.475282e+03
56,1.575008e+02,miss,50.476481,27.036624,55.867216,-1.307302e+04,-9.884773e+03,-1.229188e+04
57,1.621010e+02,miss,-1.851325,-13.690917,-78.798042,5.206161e+03,1.615597e+03,2.005610e+04
58,1.629281e+02,miss,-67.789688,17.208450,-38.838478,1.520021e+04,-8.626001e+03,1.134509e+04
59,1.637574e+02,miss,41.333722,57.188088,37.696764,-1.364101e+04,-1.339904e+04,-8.412119e+03
60,1.662578e+02,miss,71.746508,6.759560,-34.738264,-1.717391e+04,-5.254888e+03,1.097639e+04
61,1.679574e+02,miss,36.998520,-7.036965,-70.580384,-1.305728e+04,2.908667e+03,1.638946e+04
62,1.696433e+02,miss,63.067289,8.807561,-48.424621,-1.827769e+04,-2.363628e+02,1.085958e+04
63,1.721881e+02,miss,0.702201,-65.349908,-46.139965,-7.179085e+01,1.501619e+04,1.527580e+04
64,1.752743e+02,miss,19.867858,0.531158,77.491845,-9.492378e+02,-3.290284e+03,-2.133865e+04
65,1.769965e+02,miss,-0.033252,-1.593388,79.984123,-5.226421e+03,-1.906573e+02,-2.107849e+04
66,1.804892e+02,miss,-48.273784,-13.703955,62.304441,1.057574e+04,-1.858128e+02,-1.921148e+04
67,1.857572e+02,miss,-15.596212,-59.683194,50.937948,4.283098e+02,1.833082e+04,-1.260147e+04
68,1.889857e+02,miss,-9.459300,23.817569,75.784200,3.226013e+03,-1.106581e+04,-1.925470e+04
69,1.898787e+02,miss,36.295609,13.139088,70.071343,-1.155748e+04,1.644852e+03,-1.922763e+04
70,1.925704e+02,miss,-79.067152,11.098719,-5.020354,2.258282e+04,1.269686e+03,1.248731e+03
71,1.943754e+02,miss,38.959117,-67.138933,-19.353317,-1.114216e+04,1.934503e+04,4.425761e+03
72,1.998650e+02,miss,0.415138,-0.034292,79.998916,5.392491e+03,1.037367e+03,-2.241514e+04
73,2.106802e+02,miss,-58.372717,3.800767,-54.572704,1.364595e+04,-2.918985e+03,1.914892e+04
74,2.125679e+02,miss,32.032550,31.044391,66.409047,-1.210253e+04,-1.135254e+04,-1.706144e+04
75,2.163687e+02,miss,8.093611,8.189046,-79.167121,6.993367e+02,-7.280741e+03,2.287081e+04
76,2.188657e+02,miss,-4.401264,77.625787,18.837889,5.258848e+03,-2.306618e+04,-4.849938e+03
77,2.217548e+02,miss,5.271983,-78.910601,12.055012,-5.786286e+03,2.317161e+04,-4.529962e+03
78,2.227476e+02,miss,19.889645,76.589998,-11.763257,-4.370469e+03,-2.350108e+04,4.708355e+03
79,2.237170e+02,miss,-60.533004,27.603091,-44.427748,1.823881e+04,-1.151839e+04,1.143793e+04
80,2.256622e+02,miss,19.701584,-3.330635,77.464537,-5.222600e+03,-4.997337e+03,-2.343263e+04
81,2.266379e+02,miss,-0.051777,53.071740,-59.861404,-1.099638e+01,-1.901046e+04,1.557368e+04
82,2.276158e+02,miss,-3.796655,-8.292491,79.478425,2.136829e+03,8.146446e+03,-2.314330e+04
83,2.285957e+02,miss,-42.254656,-60.220302,31.433411,1.129598e+04,2.042827e+04,-8.015065e+03
84,2.295778e+02,miss,19.398042,33.240921,70.133851,-8.099178e+03,-1.361329e+04,-1.899613e+04
85,2.315482e+02,miss,70.526653,-23.329140,-29.694148,-1.964590e+04,9.920887e+03,1.151681e+04
86,2.345458e+02,miss,-2.361393,-13.221748,78.864499,-5.366019e+03,3.318324e+03,-2.419100e+04
87,2.351511e+02,miss,5.253927,2.287554,-79.794507,-4.481655e+03,4.636407e+03,2.418763e+04
88,2.361471e+02,miss,-1.733086,-40.984693,68.682249,6.442124e+03,1.065136e+04,-2.177900e+04
89,2.381455e+02,miss,-0.945124,30.332444,74.020603,3.856006e+03,-4.447487e+03,-2.449394e+04
90,2.411588e+02,miss,57.847282,44.978653,32.103158,-2.147555e+04,-8.723565e+03,-1.026314e+04
91,2.421674e+02,miss,-48.798408,-25.553837,-58.014798,1.497202e+04,2.299187e+03,2.039294e+04
92,2.441910e+02,miss,66.679640,-28.734759,33.587784,-2.226637e+04,8.893748e+03,-8.707592e+03
93,2.472691e+02,miss,4.657246,77.444460,19.510655,-3.975440e+03,-2.403887e+04,-8.077326e+03
94,2.513671e+02,miss,16.708559,77.931920,-6.887658,-1.000849e+03,-2.579124e+04,1.909169e+03
95,2.519937e+02,miss,-17.850745,-72.474244,28.789492,-4.744286e+02,2.428654e+04,-9.024589e+03
96,2.540579e+02,miss,0.228118,-0.778743,79.995884,-3.300327e+03,-5.188247e+03,-2.528231e+04
97,2.571699e+02,miss,12.642162,30.158330,73.011306,1.985517e+03,-1.175104e+04,-2.330812e+04
98,2.582390e+02,miss,-55.819918,-43.863613,36.879808,1.407684e+04,1.674404e+04,-1.447848e+04
99,2.603285e+02,miss,34.768965,-59.352790,40.845628,-1.643321e+04,1.518283e+04,-1.389770e+04
100,2.634786e+02,miss,51.655880,13.755532,-59.518530,-2.006495e+04,-4.538686e+03,1.670052e+04
101,2.645329e+02,miss,4.066377,21.698316,76.893743,-2.869017e+03,-1.240803e+04,-2.329652e+04
102,2.655892e+02,miss,-5.488497,74.026795,29.831359,3.275441e+03,-2.312364e+04,-1.273979e+04
103,2.662333e+02,miss,-5.611114,1.088713,-79.795552,8.000926e+03,1.012056e+03,2.538524e+04
104,2.677082e+02,miss,75.200410,15.149357,-22.702318,-2.579071e+04,7.306921e+02,6.905475e+03
105,2.683548e+02,miss,-74.355500,-17.371724,23.863838,2.567927e+04,3.620769e+03,-6.524434e+03
106,2.694188e+02,miss,24.202786,-26.593739,71.463265,-1.220072e+04,3.700619e+03,-2.356663e+04
107,2.715812e+02,miss,39.885980,-18.186084,-66.920662,-1.749195e+04,2.828958e+03,2.024177e+04
108,2.726515e+02,miss,35.327703,-12.656037,70.652517,-1.398611e+04,8.825502e+03,-2.128502e+04
109,2.737239e+02,miss,4.622663,3.207307,79.801906,2.564223e+03,-6.185162e+03,-2.616446e+04
110,2.747985e+02,miss,-29.658475,-57.780829,-46.709214,1.027769e+04,2.136261e+04,1.304922e+04
111,2.791176e+02,miss,-19.391395,28.200075,72.309955,8.193664e+03,-3.042617e+03,-2.583389e+04
112,2.802026e+02,miss,-5.669915,-3.402208,79.726263,2.413378e+03,-5.528283e+03,-2.665124e+04
113,2.812898e+02,miss,16.405785,8.663243,-77.819011,-1.110321e+04,-6.380416e+01,2.502572e+04
114,2.823791e+02,miss,37.116365,-66.270199,-25.112470,-1.752402e+04,1.963953e+04,7.724762e+03
115,2.830432e+02,miss,41.114080,66.080781,-18.519255,-1.764707e+04,-2.034359e+04,5.381775e+03
116,2.834992e+02,miss,-39.367338,-68.566385,-12.200963,1.344806e+04,2.331721e+04,5.560310e+03
117,2.841358e+02,miss,-70.822878,-34.190982,14.666177,2.225821e+04,1.484838e+04,-6.422890e+03
118,2.863564e+02,miss,78.234384,15.769643,-5.540714,-2.700187e+04,-5.242157e+03,2.547949e+03
119,2.867861e+02,miss,61.707565,49.234033,-12.968672,-2.134038e+04,-1.720167e+04,3.592910e+03
120,2.885565e+02,miss,11.028644,-79.165463,3.346415,-7.749158e+03,2.658397e+04,-1.476179e+03
121,2.907651e+02,miss,-62.927587,5.211379,-49.121892,2.111008e+04,5.139474e+03,1.740034e+04
122,2.918725e+02,miss,-14.972768,78.213017,-7.651153,7.663855e+03,-2.658687e+04,3.489373e+03
123,2.940937e+02,miss,-16.228681,-11.402087,-77.502402,8.527849e+03,-2.273017e+03,2.656690e+04
124,2.952074e+02,miss,3.070984,24.645200,-76.047243,-4.697531e+03,-1.310652e+04,2.434772e+04
125,2.963233e+02,miss,31.597856,-13.453557,-72.253562,-4.759256e+03,2.883659e+03,2.754390e+04
126,2.974708e+02,miss,46.087791,44.915415,-47.523899,-1.319058e+04,-1.400767e+04,2.055442e+04
127,2.997131e+02,miss,57.193215,41.479560,37.528420,-1.739445e+04,-1.900929e+04,-1.160800e+04
128,3.008374e+02,miss,-37.850993,68.080272,-18.231263,1.817327e+04,-2.034701e+04,7.575842e+03
129,3.030924e+02,miss,78.937185,-12.834195,2.050420,-2.831092e+04,-2.348553e+03,-8.043097e+02
130,3.037804e+02,miss,19.451463,30.472472,71.365741,-1.199274e+04,-5.924526e+03,-2.511132e+04
131,3.049124e+02,miss,-63.202522,32.637920,-36.608844,2.504173e+04,-7.733370e+03,1.120837e+04
132,3.053558e+02,miss,19.550793,-14.649034,-76.178555,-3.424969e+03,1.103245e+04,2.608174e+04
133,3.064907e+02,miss,78.256742,15.644852,-5.578619,-2.847689e+04,1.417191e+03,1.945453e+03
134,3.083208e+02,miss,-38.096836,-23.136209,-66.433026,1.830981e+04,5.090089e+03,2.145798e+04
135,3.094611e+02,miss,-25.658733,-14.077156,-74.454436,1.082119e+04,1.068305e+04,2.436013e+04
136,3.129251e+02,miss,-3.522798,-17.809374,77.912875,6.499084e+03,1.454294e+03,-2.809839e+04
137,3.163778e+02,miss,65.289964,41.349786,20.674037,-2.220901e+04,-1.765648e+04,-6.171027e+03
138,3.170808e+02,miss,20.460173,-48.919144,-59.902409,-1.873227e+03,1.518777e+04,2.471374e+04
139,3.182372e+02,miss,-73.879329,6.295438,30.036848,2.510437e+04,-9.390926e+03,-1.138461e+04
140,3.186902e+02,miss,70.685390,37.041180,5.614865,-2.820304e+04,-6.970245e+03,-2.289005e+03
141,3.210110e+02,miss,66.612018,-10.172736,-43.120233,-2.476056e+04,7.898412e+03,1.341452e+04
142,3.217191e+02,miss,5.028921,-17.607443,77.876106,-8.679099e+03,6.835170e+03,-2.711568e+04
143,3.228839e+02,miss,-16.753303,0.036071,-78.226118,9.983925e+03,5.480053e+03,2.703148e+04
144,3.240508e+02,miss,67.132954,37.083743,22.758789,-2.081912e+04,-1.820095e+04,-9.940302e+03
145,3.275953e+02,miss,14.827687,43.828622,65.262482,-1.068545e+04,-1.736219e+04,-2.138553e+04
146,3.287707e+02,miss,-62.881986,-37.548960,32.185889,2.218935e+04,1.224617e+04,-1.528927e+04
147,3.299482e+02,miss,0.686533,0.929949,-79.991649,-6.136413e+03,3.791646e+03,2.876114e+04
148,3.323096e+02,miss,31.240058,-66.903691,30.788877,-1.660564e+04,2.257415e+04,-1.000941e+04
149,3.334934e+02,miss,-28.588985,-37.580459,-64.578472,5.622922e+03,1.860936e+04,2.259993e+04
150,3.354023e+02,miss,-17.771961,30.351707,71.853541,2.690539e+03,-1.646380e+04,-2.480873e+04
151,3.389766e+02,miss,-30.014815,69.721761,-25.258403,1.492376e+04,-2.485636e+04,7.920635e+03
152,3.394757e+02,miss,-58.705577,-6.119791,54.001883,2.346028e+04,-3.815941e+03,-1.843035e+04
153,3.406722e+02,miss,-52.588182,-59.362823,10.513722,1.925850e+04,2.295281e+04,-3.176683e+03
154,3.414016e+02,miss,-24.209904,-41.513992,-63.956774,6.470191e+03,2.032002e+04,2.133048e+04
155,3.418709e+02,miss,-26.517526,55.795310,-50.830150,1.267010e+04,-1.581118e+04,2.237145e+04
156,3.442744e+02,miss,-12.872136,13.140300,77.856539,-2.031063e+03,-7.946631e+03,-2.915711e+04
157,3.450077e+02,miss,-56.286531,29.778425,48.425942,1.987106e+04,-6.432498e+03,-2.198020e+04
158,3.462139e+02,miss,-67.246789,-42.332687,9.263530,2.794070e+04,1.152595e+04,-3.008212e+03
159,3.474222e+02,miss,72.583806,23.826991,-23.745853,-2.414592e+04,-1.580232e+04,9.646795e+03
160,3.510598e+02,miss,31.663216,24.426746,-69.287624,-1.427062e+04,-1.383084e+04,2.324973e+04
161,3.534954e+02,miss,45.610312,5.446585,65.498352,-2.159870e+04,-2.752924e+03,-2.163101e+04
162,3.542384e+02,miss,-7.391481,-38.477848,-69.748270,-1.402685e+03,9.078988e+03,2.931838e+04
163,3.554929e+02,miss,-49.513829,-62.224244,-8.747816,1.384784e+04,2.732481e+04,2.982941e+03
164,3.559718e+02,miss,-57.141593,21.645232,51.636443,2.491604e+04,-2.842625e+03,-1.787994e+04
165,3.591725e+02,miss,35.755162,-59.283310,40.088122,-1.952536e+04,1.936855e+04,-1.416794e+04
166,3.596537e+02,miss,50.068094,-23.602499,57.759051,-2.315030e+04,4.241824e+03,-2.011129e+04
167,3.604032e+02,miss,0.879240,46.233961,65.281297,3.187664e+03,-2.147349e+04,-2.211603e+04
168,3.608853e+02,miss,-49.074184,-48.002227,-41.079321,2.370664e+04,1.264224e+04,1.548691e+04
169,3.616360e+02,miss,50.888826,45.210406,-42.027926,-2.396031e+04,-1.353124e+04,1.436958e+04
170,3.628709e+02,miss,34.455953,7.083431,-71.851321,-1.588353e+04,-8.490332e+03,2.534944e+04
171,3.641079e+02,miss,57.242571,22.647216,51.091992,-2.135512e+04,-2.097758e+03,-2.257922e+04
172,3.653471e+02,miss,61.122349,-46.045434,-23.321160,-2.761136e+04,1.106747e+04,9.417487e+03
173,3.678317e+02,miss,-70.996852,-33.049618,16.345327,2.550246e+04,1.733059e+04,-5.427786e+03
174,3.691100e+02,miss,-7.806838,54.995239,57.572363,-4.783385e+03,-2.079952e+04,-2.298024e+04
175,3.703576e+02,miss,49.015702,-12.114719,62.053965,-1.834576e+04,-3.048053e+03,-2.531915e+04
176,3.716073e+02,miss,75.442319,-19.342599,-18.284430,-2.669989e+04,1.465212e+04,7.916978e+03
177,3.728591e+02,miss,-79.984471,-0.931655,-1.271409,3.115652e+04,4.762288e+03,4.182923e+02
178,3.736222e+02,miss,-36.576295,-65.460630,27.876165,2.021923e+04,2.094775e+04,-1.216515e+04
179,3.748774e+02,miss,51.049069,50.060713,-35.887568,-1.464212e+04,-2.463609e+04,1.332787e+04
180,3.766272e+02,miss,57.120460,44.631375,33.842184,-2.036874e+04,-2.146855e+04,-1.130662e+04
181,3.773941e+02,miss,-33.110707,-18.466253,70.446281,1.510584e+04,1.267110e+04,-2.483796e+04
182,3.804143e+02,miss,-13.243542,-24.582093,-74.968855,8.668116e+02,1.536952e+04,2.787009e+04
183,3.811850e+02,miss,-15.134801,-46.223215,-63.516551,3.844247e+03,2.276571e+04,2.197074e+04
184,3.829830e+02,miss,8.786993,15.974193,77.894890,-3.246771e+03,-1.332493e+04,-2.885247e+04
185,3.842538e+02,miss,26.735297,44.948434,-60.538105,-1.715943e+04,-1.405250e+04,2.306573e+04
186,3.850284e+02,miss,53.627271,-25.514895,53.601361,-2.136662e+04,2.756438e+03,-2.370402e+04
187,3.855267e+02,miss,16.733112,72.534974,29.303250,4.765509e+02,-3.014643e+04,-1.087681e+04
188,3.863026e+02,miss,-53.529656,-48.135276,34.893712,1.993631e+04,2.230128e+04,-1.160186e+04
189,3.888573e+02,miss,1.171913,-4.432200,79.868531,5.381911e+03,6.835002e+03,-3.099245e+04
190,3.947764e+02,miss,-42.077039,-61.604906,28.885261,1.162106e+04,2.844178e+04,-1.039247e+04
191,3.952810e+02,miss,64.884305,-38.720978,26.281416,-2.765681e+04,1.069015e+04,-1.319671e+04
192,3.960666e+02,miss,9.937631,10.530578,-78.678780,-8.692578e+03,2.181384e+03,3.122669e+04
193,3.965720e+02,miss,-33.839334,-16.417526,-70.607112,1.662927e+04,-7.197698e+02,2.792349e+04
194,3.973590e+02,miss,-65.396002,28.116487,36.507891,2.747519e+04,-1.254872e+04,-1.210425e+04
195,3.978652e+02,miss,-1.759736,-51.654429,-61.063273,-5.970044e+03,1.713735e+04,2.703494e+04
196,4.038866e+02,miss,-12.173730,28.323259,73.821361,1.057784e+04,-5.571859e+03,-3.055041e+04
197,4.051916e+02,miss,39.674469,40.191841,-56.661737,-2.178347e+04,-1.295155e+04,2.091600e+04
198,4.064987e+02,miss,6.442012,66.699278,-43.700192,2.018635e+03,-2.903404e+04,1.536795e+04
199,4.083208e+02,miss,10.161548,9.563576,-78.773606,3.505296e+03,-9.033717e+02,3.278684e+04
200,4.096329e+02,miss,33.119768,40.644410,60.424439,-1.735996e+04,-1.840051e+04,-2.125158e+04
201,4.104327e+02,miss,41.975529,14.733884,-66.490357,-1.042559e+04,-5.013547e+03,3.098191e+04
202,4.130659e+02,miss,67.838401,-10.977551,-40.956620,-2.624461e+04,1.222976e+04,1.619809e+04
203,4.138690e+02,miss,-44.363361,-28.039808,60.379313,1.140644e+04,1.546679e+04,-2.708387e+04
204,4.151900e+02,miss,72.950796,-32.660039,-3.391634,-3.193631e+04,9.122764e+03,1.797787e+03
205,4.157424e+02,miss,-57.179673,-46.982199,-30.383516,2.387708e+04,1.662001e+04,1.617149e+04
206,4.170664e+02,miss,47.937509,7.901716,63.557518,-2.377676e+04,-5.469725e+03,-2.271855e+04
207,4.183925e+02,miss,24.351168,23.066963,72.628753,-1.630807e+04,-1.059697e+04,-2.714166e+04
208,4.192008e+02,miss,54.984224,-47.501481,33.471548,-2.118919e+04,2.309153e+04,-1.161344e+04
209,4.197207e+02,miss,6.367733,-3.874567,-79.651991,-1.823714e+02,-6.279719e+03,3.284798e+04
210,4.223835e+02,miss,-62.230748,20.774654,-45.779337,2.207988e+04,-8.704981e+03,2.371194e+04
211,4.231956e+02,miss,-64.832079,46.142410,8.226756,2.269110e+04,-2.440468e+04,-4.152542e+03
212,4.277342e+02,miss,26.912162,-19.742757,72.704602,-1.442938e+04,4.984812e+02,-3.051814e+04
213,4.285515e+02,miss,-6.602635,4.232281,79.614653,5.622892e+03,5.963943e+03,-3.278421e+04
214,4.290772e+02,miss,-11.940128,75.791719,22.650579,2.909566e+03,-3.277909e+04,-7.775369e+03
215,4.298957e+02,miss,-0.046433,-0.051313,79.999970,-4.655705e+03,6.768427e+03,-3.283420e+04
216,4.312421e+02,miss,-67.269455,3.296309,43.173542,2.959620e+04,4.410334e+03,-1.593027e+04
217,4.318050e+02,miss,-10.638749,9.154428,78.759212,5.029984e+03,-1.161219e+04,-3.147247e+04
218,4.326261e+02,miss,0.221670,-0.054072,-79.999675,-4.920042e+03,6.687674e+03,3.292288e+04
219,4.334124e+02,miss,24.970994,75.241644,-10.730536,-1.070924e+04,-3.167986e+04,6.053236e+03
220,4.361539e+02,miss,-75.155860,-6.513490,-26.630268,3.204718e+04,-4.962793e+03,1.051654e+04
221,4.375100e+02,miss,48.231058,63.546035,-5.972139,-2.303236e+04,-2.512092e+04,2.076589e+03
222,4.394002e+02,miss,-16.247474,-33.813197,-70.658951,2.496973e+03,2.002761e+04,2.763258e+04
223,4.407613e+02,miss,-2.839938,-76.244929,24.055053,-7.274753e+03,3.164423e+04,-1.096572e+04
224,4.415909e+02,miss,-56.361161,-49.376097,-28.025356,2.669715e+04,1.914219e+04,9.878062e+03
225,4.421246e+02,miss,-22.736012,34.147815,68.680423,2.335017e+03,-1.168813e+04,-3.218842e+04
226,4.434899e+02,miss,-8.977082,-72.424465,32.773600,9.667014e+03,3.067350e+04,-1.214424e+04
227,4.456908e+02,miss,-59.421230,33.564653,41.743641,1.971975e+04,-1.989978e+04,-2.006969e+04
228,4.462269e+02,miss,-14.749521,-2.992695,78.571594,1.214260e+04,6.344920e+03,-3.164475e+04
229,4.476348e+02,miss,-29.638779,-9.530468,73.693371,1.858704e+04,6.476224e+03,-2.837998e+04
230,4.484346e+02,miss,29.932343,-16.954413,-72.226053,-1.925358e+04,4.267953e+03,2.839116e+04
231,4.490086e+02,miss,39.583001,-57.213899,-39.493744,-9.861744e+03,2.673735e+04,1.960519e+04
232,4.498459e+02,miss,33.528407,52.356004,50.345752,-1.809173e+04,-2.318799e+04,-1.826858e+04
233,4.517626e+02,miss,11.689272,4.875106,-78.991102,-6.658542e+03,6.236547e+03,3.347553e+04
234,4.526024e+02,miss,-42.397720,19.683250,64.923054,1.725485e+04,-1.570860e+04,-2.572140e+04
235,4.545249e+02,miss,-31.304084,-59.338281,-43.577778,1.469087e+04,2.743759e+04,1.557434e+04
236,4.553674e+02,miss,0.843653,-0.457364,79.994244,3.328965e+03,7.794467e+03,-3.378775e+04
237,4.562106e+02,miss,-39.239199,-69.577292,-4.391549,8.975619e+03,3.363208e+04,2.004068e+03
238,4.567530e+02,miss,65.560636,43.742934,13.724382,-2.725379e+04,-2.123299e+04,-4.850919e+03
239,4.581407e+02,miss,35.335115,-32.213300,64.138389,-7.257337e+03,1.609231e+04,-3.015306e+04
240,4.609225e+02,miss,60.795070,49.706963,-15.270142,-3.064722e+04,-1.512033e+04,7.770139e+03
241,4.617708e+02,miss,27.463370,5.246113,-74.954931,-1.837100e+04,-4.383472e+03,2.956016e+04
242,4.637127e+02,miss,-15.774479,1.286573,-78.418815,-1.466503e+03,-3.271355e+03,3.496904e+04
243,4.651479e+02,miss,0.864867,-41.244907,68.542758,-6.112212e+03,2.167451e+04,-2.706228e+04
244,4.659631e+02,miss,63.538538,-13.350738,46.739834,-2.526824e+04,3.395076e+02,-2.455777e+04
245,4.665483e+02,miss,-0.086435,38.637877,-70.050746,-1.964002e+03,-2.244277e+04,2.712392e+04
246,4.674018e+02,miss,-22.380056,-3.732301,76.715077,1.126694e+04,-6.771835e+03,-3.275233e+04
247,4.679508e+02,miss,-19.691773,51.759443,-57.733821,2.956326e+03,-2.675623e+04,2.285485e+04
248,4.716195e+02,miss,44.837458,65.296686,11.222528,-2.021277e+04,-2.836664e+04,-6.598021e+03
249,4.744418e+02,miss,-33.758822,21.705460,69.204154,2.104508e+04,-9.227156e+03,-2.713376e+04
250,4.749950e+02,miss,-35.976119,62.099127,35.347098,1.543286e+04,-2.501712e+04,-2.004300e+04
251,4.767181e+02,miss,-5.959620,-7.332075,79.440063,9.945571e+03,7.069372e+03,-3.348810e+04
252,4.778274e+02,miss,-56.960852,3.180688,56.083372,2.184643e+04,-9.465662e+03,-2.657882e+04
253,4.781358e+02,miss,24.927804,0.260690,76.016686,-2.663234e+03,-2.697933e+03,-3.549294e+04
254,4.786911e+02,miss,14.504156,24.668740,74.706644,2.173242e+03,-1.310332e+04,-3.315389e+04
255,4.795557e+02,miss,10.612464,56.383546,55.751874,-5.171283e+03,-1.933845e+04,-2.961733e+04
256,4.815345e+02,miss,-34.243374,-10.943100,-71.467754,7.600332e+03,1.888236e+03,3.495493e+04
257,4.824016e+02,miss,44.750335,-31.663079,-58.265400,-1.255461e+04,1.595136e+04,2.955375e+04
258,4.838654e+02,miss,-40.568945,40.548491,-55.767200,1.652068e+04,-2.343212e+04,2.161925e+04
259,4.844240e+02,miss,-15.928656,-19.669833,75.890550,1.280493e+04,2.001203e+03,-3.350979e+04
260,4.852937e+02,miss,57.522725,-26.638919,48.800657,-2.055942e+04,1.282738e+04,-2.656997e+04
261,4.872843e+02,miss,21.790148,-39.244438,66.219812,-9.979196e+03,9.705079e+03,-3.323742e+04
262,4.881566e+02,miss,72.430953,14.923244,30.513176,-3.264240e+04,1.902666e+03,-1.522096e+04
263,4.887176e+02,miss,-64.820219,-45.221057,-12.385281,3.332188e+04,1.246382e+04,6.051784e+03
264,4.901531e+02,miss,-7.394844,-27.643134,-74.707252,1.177954e+04,1.160264e+04,3.213666e+04
265,4.910279e+02,miss,-56.845950,0.081025,-56.289710,2.316563e+04,-8.743098e+03,2.637019e+04
266,4.939076e+02,miss,29.492422,54.640306,50.444365,-5.456203e+03,-2.837793e+04,-2.193335e+04
267,4.967958e+02,miss,-19.455341,14.264799,-76.275849,1.713822e+02,-9.335782e+03,3.516616e+04
268,4.982430e+02,miss,-4.457168,53.811537,59.029248,-3.025771e+03,-1.914825e+04,-3.085273e+04
269,4.991250e+02,miss,-66.215468,20.196179,-40.095213,2.927123e+04,-1.503357e+04,1.572384e+04
270,5.002983e+02,miss,-55.263107,-14.855944,-55.904292,2.586837e+04,-2.347513e+03,2.566116e+04
271,5.005757e+02,miss,-53.644526,35.600952,-47.485124,1.896880e+04,-2.316019e+04,2.092147e+04
272,5.020667e+02,miss,-10.719461,64.045927,46.724858,1.227611e+04,-2.862119e+04,-1.918374e+04
273,5.040914e+02,miss,5.286469,-3.725132,-79.738176,-9.671664e+03,6.302068e+03,3.478547e+04
274,5.055493e+02,miss,21.658111,-72.772685,-25.200447,-2.563613e+03,3.512091e+04,1.034990e+04
275,5.078989e+02,miss,66.962773,33.086087,28.658294,-3.383533e+04,-8.383436e+03,-1.176098e+04
276,5.093622e+02,miss,-60.442178,-23.540094,-46.825282,3.074989e+04,9.539103e+03,1.791038e+04
277,5.114016e+02,miss,-59.504257,50.897148,-16.392795,3.146091e+04,-1.707659e+04,9.020392e+03
278,5.128699e+02,miss,23.891425,38.507932,-65.926770,-8.726842e+03,-1.035044e+04,3.440043e+04
279,5.137648e+02,miss,-10.838430,-14.559717,77.913690,-1.627671e+03,1.263799e+04,-3.473752e+04
280,5.158518e+02,miss,-50.218193,2.129601,62.238235,1.903683e+04,6.895084e+03,-3.105933e+04
281,5.173265e+02,miss,61.188684,-49.243267,15.200185,-2.381844e+04,2.710060e+04,-8.763225e+03
282,5.188033e+02,miss,-30.841330,-16.116342,72.035241,5.402600e+03,8.041630e+03,-3.589755e+04
283,5.190857e+02,miss,35.909508,20.511603,68.481979,-2.187532e+04,-2.770992e+03,-2.995054e+04
284,5.197033e+02,miss,28.474086,47.930112,57.375350,-9.506352e+03,-2.737392e+04,-2.334922e+04
285,5.202822e+02,miss,-0.370280,79.021511,-12.468510,-8.640560e+03,-3.579615e+04,5.514265e+03
286,5.211835e+02,miss,-45.973821,61.739854,21.785276,2.400730e+04,-2.727766e+04,-8.271155e+03
287,5.217633e+02,miss,-69.156035,-31.819215,24.596349,3.501624e+04,6.010068e+03,-1.131901e+04
288,5.220856e+02,miss,30.619468,8.564438,73.410480,-5.447941e+03,-6.149715e+03,-3.638321e+04
289,5.226658e+02,miss,10.778269,39.117689,-68.946612,-8.912305e+03,-1.025698e+04,3.475842e+04
290,5.241502e+02,miss,68.913133,-6.548295,40.101122,-2.860191e+04,9.127695e+03,-2.225656e+04
291,5.247316e+02,miss,-19.927420,-43.517657,64.102352,1.211463e+04,2.431664e+04,-2.569484e+04
292,5.271254e+02,miss,10.161346,29.657537,-73.601478,3.279882e+03,-9.268433e+03,3.616635e+04
293,5.280326e+02,miss,1.492795,79.871047,-4.288048,4.719665e+03,-3.717487e+04,1.684677e+03
294,5.286161e+02,miss,-2.737610,-1.903605,-79.930481,5.273756e+03,-7.311373e+03,3.643309e+04
295,5.295246e+02,miss,-28.628956,-67.824017,-31.309514,5.497956e+03,3.459904e+04,1.355503e+04
296,5.301089e+02,miss,-69.945850,38.423723,5.585296,3.028647e+04,-2.214974e+04,-2.176247e+03
297,5.331009e+02,miss,-22.147112,76.602486,6.447053,2.253556e+03,-3.745532e+04,-3.551086e+03
298,5.340133e+02,miss,-68.549107,15.760514,-38.113333,2.813319e+04,-1.314529e+04,2.141835e+04
299,5.346396e+02,miss,-35.128336,-61.697568,-36.870180,1.252527e+04,3.243087e+04,1.469852e+04
300,5.361409e+02,miss,14.784419,0.481504,78.620539,-4.810780e+03,8.818753e+03,-3.643867e+04
301,5.370559e+02,miss,-1.348728,58.617149,-54.426196,-8.717496e+03,-2.622818e+04,2.583054e+04
302,5.376444e+02,miss,50.189282,-26.347639,56.452085,-2.704987e+04,3.736513e+03,-2.621145e+04
303,5.385606e+02,miss,-78.912594,13.046977,-1.605890,3.586607e+04,-1.217972e+04,6.464263e+02
304,5.430873e+02,miss,35.515321,-6.060172,71.427840,-2.177036e+04,7.691047e+03,-3.023409e+04
305,5.440081e+02,miss,10.229241,-78.519807,11.401865,-1.296408e+04,3.523417e+04,-6.335686e+03
306,5.446004e+02,miss,-3.032070,-60.286254,52.501182,4.609205e+03,3.142126e+04,-2.104027e+04
307,5.451930e+02,miss,4.512591,-18.689166,77.655339,3.091948e+03,9.185526e+02,-3.797905e+04
308,5.455225e+02,miss,12.711357,-4.593473,-78.849993,-1.207524e+04,8.277929e+03,3.520448e+04
309,5.461156e+02,miss,24.983597,-46.334211,60.240857,-6.703894e+03,1.720084e+04,-3.338353e+04
310,5.467090e+02,miss,30.708989,-8.994795,-73.321563,-1.460043e+04,-5.234592e+03,3.487519e+04
311,5.470390e+02,miss,-66.324969,37.854460,23.833555,3.251547e+04,-1.377306e+04,-1.451823e+04
312,5.476329e+02,miss,12.019140,40.351923,-68.023986,3.517256e+03,-2.086083e+04,3.180832e+04
313,5.485576e+02,miss,-52.720612,30.362078,-51.948834,2.053947e+04,-1.168290e+04,3.005692e+04
314,5.500783e+02,miss,-2.515378,-1.909934,-79.937632,1.037243e+04,1.123458e+03,3.683723e+04
315,5.521975e+02,miss,46.382101,49.502546,-42.405172,-2.509893e+04,-1.659311e+04,2.379476e+04
316,5.531261e+02,miss,-14.930796,-32.118253,71.732065,-6.890913e+02,1.054165e+04,-3.691004e+04
317,5.537635e+02,miss,42.606364,21.276523,64.280691,-1.944132e+04,-1.786495e+04,-2.790214e+04
318,5.552915e+02,miss,56.239809,-15.114329,-54.851079,-2.403898e+04,1.603693e+04,2.539030e+04
319,5.562226e+02,miss,26.954465,-42.973144,61.860858,-1.223563e+04,2.600633e+04,-2.561570e+04
320,5.577539e+02,miss,38.067845,-63.595961,-30.106359,-2.339456e+04,2.807560e+04,1.227760e+04
321,5.583536e+02,miss,-11.936342,-76.088752,21.633898,1.135992e+04,3.579821e+04,-8.793351e+03
322,5.592873e+02,miss,-50.780687,21.682757,57.889377,1.846877e+04,-1.805250e+04,-2.869463e+04
323,5.608228e+02,miss,-18.869917,-5.435996,77.552409,1.684813e+04,5.063933e+03,-3.442324e+04
324,5.623604e+02,miss,-68.704935,12.958528,38.880695,3.321066e+04,-1.185318e+04,-1.597228e+04
325,5.629625e+02,miss,-11.464746,63.194070,-47.697685,1.031118e+04,-3.182209e+04,1.952431e+04
326,5.645031e+02,miss,33.002320,72.461067,-7.761485,-1.409288e+04,-3.600662e+04,3.030397e+03
327,5.648384e+02,miss,5.003558,54.118683,58.703769,1.573073e+03,-3.005905e+04,-2.447737e+04
328,5.654419e+02,miss,6.540584,-7.152852,79.410689,-1.221384e+04,4.010605e+03,-3.662661e+04
329,5.675905e+02,miss,-24.349054,31.287961,69.485157,9.073671e+03,-6.803332e+03,-3.720053e+04
330,5.679267e+02,miss,13.541764,18.730337,-76.588479,-1.347118e+04,-1.316731e+04,3.403736e+04
331,5.685318e+02,miss,23.568059,-43.300208,63.005068,-1.938497e+04,1.582090e+04,-2.981488e+04
332,5.691373e+02,miss,36.973409,54.447760,45.479759,-2.498991e+04,-1.965575e+04,-2.248943e+04
333,5.700800e+02,miss,15.887519,3.548238,78.326220,-6.262523e+03,-1.100371e+04,-3.686231e+04
334,5.722783e+02,miss,-2.679322,7.766520,-79.577022,-1.747723e+03,-1.241016e+04,3.698543e+04
335,5.738315e+02,miss,44.250576,64.614325,-16.336324,-2.037314e+04,-3.275165e+04,6.433678e+03
336,5.741285e+02,miss,-37.640763,9.957305,69.885800,2.476583e+04,-3.609935e+03,-3.005896e+04
337,5.753868e+02,miss,26.790517,-73.695404,-15.851046,-2.181051e+04,3.158188e+04,7.756202e+03
338,5.763346e+02,miss,-10.791357,-79.222137,-2.720225,-4.234235e+03,3.893861e+04,1.285790e+03
339,5.769442e+02,miss,-52.238288,-30.974180,-52.074576,1.970662e+04,2.284483e+04,2.504366e+04
340,5.785038e+02,miss,54.027635,11.350485,-57.898024,-3.040312e+04,-2.330582e+02,2.484299e+04
341,5.804053e+02,miss,4.542219,7.415686,79.525944,2.399863e+03,5.000612e+03,-3.893430e+04
342,5.819695e+02,miss,40.495421,-13.998249,-67.558640,-2.207539e+04,1.373141e+04,2.957937e+04
343,5.866747e+02,miss,40.049578,-67.686677,14.647358,-1.067514e+04,3.736384e+04,-7.303168e+03
344,5.872898e+02,miss,-30.089239,-38.433637,63.383698,1.273742e+04,1.121470e+04,-3.573485e+04
345,5.882473e+02,miss,-20.336619,22.485562,74.032570,1.247135e+04,-1.818040e+04,-3.288588e+04
346,5.888632e+02,miss,-57.604430,-15.004801,-53.447036,2.297453e+04,5.278846e+03,3.183533e+04
347,5.904804e+02,miss,-16.478774,-59.239628,-51.177304,6.583794e+03,2.409755e+04,3.081322e+04
348,5.920581e+02,miss,-32.330323,29.530037,66.953171,1.405841e+04,-5.849760e+03,-3.668567e+04
349,5.923598e+02,miss,-24.597476,-76.085306,2.447537,1.320969e+04,3.745740e+04,-9.738424e+02
350,5.946006e+02,miss,7.993081,79.295677,-6.950273,-1.131461e+04,-3.792847e+04,4.228793e+03
351,5.955641e+02,miss,-34.821005,-67.929146,-23.940108,2.460166e+04,2.824882e+04,1.355736e+04
352,5.968038e+02,miss,31.986046,10.810885,72.525979,-9.820950e+03,-1.327886e+04,-3.629827e+04
353,5.977691e+02,miss,60.333170,8.490453,51.844197,-2.582867e+04,1.863507e+03,-3.036977e+04
354,5.993565e+02,miss,9.548080,-46.585041,-64.332481,5.075687e+03,2.394013e+04,3.159514e+04
355,5.999782e+02,miss,-46.442875,-47.519716,44.552620,1.722885e+04,2.984710e+04,-2.027609e+04
356,6.003239e+02,miss,23.119093,-54.087813,-54.221914,-4.275766e+03,3.120655e+04,2.464938e+04
357,6.009460e+02,miss,-10.380481,23.508946,75.759983,1.150300e+04,-1.676391e+04,-3.446786e+04
358,6.015685e+02,miss,-22.263631,-19.909900,-74.215407,3.882408e+03,1.654738e+04,3.625122e+04
359,6.025376e+02,miss,23.717091,-67.474775,-35.842075,-2.528535e+03,3.609915e+04,1.720700e+04
360,6.031610e+02,miss,-57.833708,-37.675178,40.445558,2.541627e+04,2.538499e+04,-1.780165e+04
361,6.035075e+02,miss,33.852602,52.504174,-49.973123,-9.314905e+03,-2.569786e+04,2.934382e+04
362,6.041314e+02,miss,21.317576,50.016719,58.684656,-8.421863e+03,-1.845995e+04,-3.461462e+04
363,6.047555e+02,miss,-37.527971,55.673610,43.498282,2.488392e+04,-2.522667e+04,-1.886633e+04
364,6.057272e+02,miss,-9.289553,-15.090501,-78.012698,6.989512e+03,-2.224516e+03,3.950089e+04
365,6.082989e+02,miss,-25.068063,-35.074508,67.389696,1.077293e+04,2.454323e+04,-3.004245e+04
366,6.105696e+02,miss,78.966573,12.147430,4.089038,-3.883139e+04,-1.058293e+04,-2.674112e+03
367,6.131515e+02,miss,24.020979,-21.047606,-73.348421,-8.014604e+03,1.886872e+04,3.483739e+04
368,6.137803e+02,miss,6.566891,42.800235,-67.268238,-1.204257e+04,-2.249459e+04,3.137757e+04
369,6.157389e+02,miss,10.712403,23.948596,-75.575850,-7.567465e+03,-2.255537e+03,3.972967e+04
370,6.173500e+02,miss,-39.210129,52.725533,-45.635337,2.694970e+04,-2.182931e+04,2.103067e+04
371,6.179809e+02,miss,2.929856,77.980976,-17.617701,-9.095005e+03,-3.803668e+04,1.082899e+04
372,6.186122e+02,miss,-16.526110,65.596530,42.708114,2.643882e+03,-3.599324e+04,-1.859984e+04
373,6.189632e+02,miss,43.950829,-19.371957,-63.976964,-2.295859e+04,1.713446e+04,2.878726e+04
374,6.195949e+02,miss,-6.540117,13.264048,78.621193,6.768223e+03,2.823182e+03,-3.996620e+04
375,6.205785e+02,miss,-78.869504,-7.893425,-10.830290,3.996584e+04,-3.191327e+03,6.800306e+03
376,6.212110e+02,miss,71.540456,-8.449519,-34.793229,-3.355711e+04,1.413880e+04,1.814931e+04
377,6.218439e+02,miss,8.385673,15.642611,-78.006341,-1.212719e+04,-1.802743e+03,3.881689e+04
378,6.234630e+02,miss,15.583650,44.079403,-64.916532,-2.984170e+03,-2.806258e+04,2.941037e+04
379,6.244496e+02,miss,-18.881465,-9.019927,77.214838,1.606396e+04,1.013843e+04,-3.609951e+04
380,6.254370e+02,miss,-2.593445,-70.093397,-38.473233,-8.753481e+03,3.485547e+04,1.936793e+04
381,6.270607e+02,miss,26.829338,53.305582,53.279467,-2.212461e+04,-2.292209e+04,-2.561347e+04
382,6.283756e+02,miss,40.247804,-10.626899,68.316786,-2.691973e+04,3.869381e+03,-3.057501e+04
383,6.286865e+02,miss,-47.450776,-32.958731,-55.336659,1.791276e+04,2.451928e+04,2.744523e+04
384,6.300032e+02,miss,23.948785,-5.682486,76.119413,-4.222005e+03,9.320375e+03,-3.967514e+04
385,6.316328e+02,miss,20.412871,-71.535996,29.426451,-3.407232e+03,3.872609e+04,-1.310859e+04
386,6.336196e+02,miss,24.354007,16.971717,74.288917,-1.356041e+04,-1.708281e+04,-3.482444e+04
387,6.352539e+02,miss,-67.562263,-36.908531,-21.750885,3.704050e+04,1.536651e+04,9.201940e+03
388,6.358939e+02,miss,67.975907,29.229455,30.412416,-3.714017e+04,-5.181873e+03,-1.697838e+04
389,6.378875e+02,miss,32.528854,-3.512497,73.003671,-2.146404e+04,-5.723852e+03,-3.473261e+04
390,6.395272e+02,miss,-39.893735,-59.221897,36.072937,2.823496e+04,2.359336e+04,-1.871716e+04
391,6.434569e+02,miss,37.788355,70.389676,4.163383,-1.403157e+04,-3.886218e+04,-2.740319e+03
392,6.467529e+02,miss,21.150455,20.643552,74.340447,-4.340613e+03,-3.165815e+03,-4.116531e+04
393,6.484040e+02,miss,-51.053233,27.405917,55.158709,1.860888e+04,-2.028070e+04,-3.114881e+04
394,6.490942e+02,miss,14.363781,34.419294,70.774247,-1.411367e+04,-2.139677e+04,-3.275160e+04
395,6.507483e+02,miss,57.764996,40.415862,37.812210,-2.249060e+04,-2.802943e+04,-2.103846e+04
396,6.517563e+02,miss,50.640557,-23.328468,57.369997,-2.548193e+04,2.469640e+03,-3.288390e+04
397,6.524045e+02,miss,-38.121339,-23.116060,-66.425983,1.055186e+04,1.218764e+04,3.845290e+04
398,6.527650e+02,miss,-40.473518,-62.782284,28.640516,2.002175e+04,3.452106e+04,-1.211994e+04
399,6.534138e+02,miss,-59.988832,-23.586741,-47.381490,2.800418e+04,2.092340e+04,2.278536e+04
400,6.540628e+02,miss,9.473659,8.617524,78.968273,5.061653e+03,-1.450897e+03,-4.141497e+04
401,6.544238e+02,miss,16.820797,-59.320251,50.972233,-5.919543e+03,3.474024e+04,-2.240450e+04
402,6.550734e+02,miss,-64.524105,-3.301851,47.177724,3.545036e+04,7.132336e+03,-2.092893e+04
403,6.557233e+02,miss,25.610077,33.738813,-67.866165,-1.513181e+04,-2.376277e+04,3.088218e+04
404,6.560846e+02,miss,5.856949,38.767936,69.733373,-5.564061e+03,-2.643216e+04,-3.191700e+04
405,6.573858e+02,miss,27.042631,15.390829,73.700872,-1.344663e+04,2.420731e+03,-3.956145e+04
406,6.590504e+02,miss,45.889574,-57.135468,32.088710,-1.819138e+04,3.479366e+04,-1.465233e+04
407,6.600648e+02,miss,-20.022931,-50.254263,-58.937181,1.901732e+04,2.470475e+04,2.805239e+04
408,6.607172e+02,miss,3.953817,43.577313,66.973018,4.878631e+03,-2.716629e+04,-3.160457e+04
409,6.610799e+02,miss,14.840809,5.269090,-78.434604,1.050722e+02,-9.610315e+03,4.085652e+04
410,6.620958e+02,miss,-18.307120,37.715669,68.134996,1.572062e+04,-1.129709e+04,-3.727693e+04
411,6.637664e+02,miss,71.666102,-6.416009,-34.968624,-3.512844e+04,-7.517244e+02,2.311301e+04
412,6.644206e+02,miss,13.641669,-77.521627,14.293432,-4.094265e+01,4.158124e+04,-6.444002e+03
413,6.650752e+02,miss,-39.463109,61.470291,32.620029,1.615551e+04,-3.607500e+04,-1.448670e+04
414,6.660941e+02,miss,4.745296,-32.336821,-73.019259,-1.078561e+04,2.027811e+04,3.531932e+04
415,6.671139e+02,miss,-41.510924,-61.276059,-30.365898,1.230790e+04,3.649846e+04,1.714880e+04
416,6.677698e+02,miss,7.310132,-58.502962,54.073704,4.646498e+03,3.300010e+04,-2.586222e+04
417,6.694475e+02,miss,-59.582113,-26.286270,46.465082,3.192441e+04,1.850167e+04,-2.055340e+04
418,6.704698e+02,miss,-10.649947,-55.153156,-56.962339,1.366556e+04,2.967826e+04,2.681603e+04
419,6.718295e+02,miss,-0.358155,-0.923367,-79.993869,-8.771373e+03,-4.583265e+03,4.113789e+04
420,6.735123e+02,miss,78.591901,12.331256,8.441166,-4.219117e+04,-9.085889e+02,-3.719343e+03
421,6.755639e+02,miss,9.076543,38.560126,-69.503475,-6.897487e+02,-1.183240e+04,4.073990e+04
422,6.762239e+02,miss,32.728095,-72.533052,8.235786,-2.098812e+04,3.672560e+04,-3.564851e+03
423,6.785734e+02,miss,-10.145057,19.655401,-76.881357,-5.194390e+03,-1.112502e+04,4.071231e+04
424,6.796026e+02,miss,8.451849,11.745259,-78.680462,-1.431968e+04,-6.113127e+03,3.960504e+04
425,6.812952e+02,miss,-60.835772,3.723073,51.818409,3.493160e+04,-6.829335e+03,-2.342299e+04
426,6.823265e+02,miss,23.127330,7.065010,-76.257539,-2.063676e+04,-5.530817e+03,3.690224e+04
427,6.857204e+02,miss,-25.242805,68.569800,32.572738,2.074956e+04,-3.416712e+04,-1.514427e+04
428,6.863853e+02,miss,-41.592429,-65.098665,-20.790228,1.330389e+04,3.859647e+04,1.274269e+04
429,6.874205e+02,miss,-55.054607,57.235145,-9.650306,3.492414e+04,-2.432149e+04,4.537135e+03
430,6.884564e+02,miss,62.550281,45.705296,-19.962172,-3.251571e+04,-2.650793e+04,8.639123e+03
431,6.887973e+02,miss,29.497365,-66.765812,-32.744950,-9.102038e+03,3.901571e+04,1.517931e+04
432,6.891227e+02,miss,-2.666066,-68.804491,-40.728786,9.269821e+02,3.290479e+04,2.743660e+04
433,6.898343e+02,miss,13.880213,-6.369348,78.528791,-1.345108e+04,1.077168e+04,-3.925923e+04
434,6.915395e+02,miss,26.567727,52.803543,53.906788,-2.080837e+04,-2.806303e+04,-2.494534e+04
435,6.925785e+02,miss,-64.325141,7.817726,-46.916515,3.443634e+04,-1.254210e+04,2.241416e+04
436,6.953282e+02,miss,17.594865,0.224959,78.040823,1.325972e+03,-1.235879e+02,-4.302458e+04
437,6.959978e+02,miss,75.236907,-13.142022,-23.805359,-3.890253e+04,1.473920e+04,1.113648e+04
438,6.970402e+02,miss,17.342227,-49.502613,60.404788,-8.908854e+03,3.180529e+04,-2.768584e+04
439,6.987542e+02,miss,21.176250,68.557352,-35.375924,-1.746144e+04,-3.600912e+04,1.613874e+04
440,7.011425e+02,miss,-44.899106,21.422222,62.651086,2.956905e+04,-1.255048e+04,-2.892297e+04
441,7.021887e+02,miss,-19.752559,25.922152,73.060786,1.316133e+04,-3.518591e+03,-4.105567e+04
442,7.035348e+02,miss,43.865393,50.918938,-43.394573,-2.158787e+04,-3.197052e+04,1.966231e+04
443,7.039091e+02,miss,-0.042675,0.714174,-79.996801,3.484631e+03,9.563097e+03,4.209701e+04
444,7.063061e+02,miss,8.509162,12.711601,78.523941,-1.168571e+04,-1.327891e+04,-3.961384e+04
445,7.069810e+02,miss,-43.146292,57.938358,34.373598,3.096168e+04,-2.354582e+04,-1.925899e+04
446,7.080315e+02,miss,-33.093381,-4.368558,-72.703121,2.534616e+04,-6.699334e+02,3.526844e+04
447,7.090829e+02,miss,14.656386,-17.700291,-76.628259,2.450348e+03,6.469901e+03,4.291477e+04
448,7.104812e+02,miss,59.690783,-42.325926,32.334601,-2.552505e+04,2.849097e+04,-2.073653e+04
449,7.108117e+02,miss,-36.168047,68.310269,-20.629579,2.452935e+04,-3.472050e+04,9.324457e+03
450,7.132661e+02,miss,14.427264,-14.910049,-77.262827,-1.249565e+03,-5.239309e+02,4.357582e+04
451,7.139443e+02,miss,22.899920,26.383510,71.968772,-1.773038e+04,-1.964058e+04,-3.467531e+04
452,7.153316e+02,miss,50.274426,-55.911253,-27.320575,-3.334962e+04,2.498845e+04,1.302201e+04
453,7.174159e+02,miss,-53.056197,58.555519,-12.501646,3.293952e+04,-2.740574e+04,8.698277e+03
454,7.188524e+02,miss,-39.201028,-20.782406,66.568544,2.330151e+04,5.351046e+02,-3.704494e+04
455,7.212747e+02,miss,-6.205388,-1.951012,79.735103,4.220831e+03,-9.597293e+03,-4.256884e+04
456,7.219567e+02,miss,-49.918442,4.710458,-62.337474,3.266679e+04,-4.963291e+02,2.926570e+04
457,7.230183e+02,miss,37.685451,-46.667563,-52.933405,-2.181534e+04,2.935889e+04,2.426566e+04
458,7.247640e+02,miss,2.856187,44.457621,-66.448191,7.718527e+03,-1.902366e+04,3.885682e+04
459,7.293280e+02,miss,18.166436,50.115506,59.652466,-8.047861e+03,-1.995760e+04,-3.847617e+04
460,7.300138e+02,miss,4.328262,1.907777,-79.860043,-1.268373e+04,-2.816502e+03,4.214863e+04
461,7.307461e+02,miss,-40.299701,45.926161,51.640313,1.363351e+04,-2.568378e+04,-3.319246e+04
462,7.310813e+02,miss,-16.740950,0.398300,-78.227757,-1.185798e+03,3.533741e+03,4.398032e+04
463,7.317679e+02,miss,-4.637000,36.074511,71.253967,8.882505e+03,-2.516466e+04,-3.518284e+04
464,7.335705e+02,miss,18.646077,-7.860575,-77.398548,4.920103e+02,6.897147e+03,4.366900e+04
465,7.342582e+02,miss,29.278410,55.051472,50.120956,-2.324973e+04,-2.897367e+04,-2.401258e+04
466,7.345942e+02,miss,7.943294,0.098415,79.604613,-1.210652e+04,-7.016456e+03,-4.197290e+04
467,7.353289e+02,miss,43.793282,61.142467,-27.271728,-3.229213e+04,-2.627888e+04,1.503726e+04
468,7.364003e+02,miss,-57.406534,17.507443,-52.895929,3.532209e+04,-9.687292e+02,2.671605e+04
469,7.377788e+02,miss,6.185587,4.943748,-79.607147,4.033076e+03,5.396145e+03,4.382493e+04
470,7.388520e+02,miss,18.354958,19.069306,-75.494749,-1.703230e+04,-1.578526e+04,3.780998e+04
471,7.399260e+02,miss,51.860773,12.909653,59.529833,-2.552103e+04,2.707911e+03,-3.623637e+04
472,7.410007e+02,miss,72.659785,33.255794,3.822022,-3.743799e+04,-2.387165e+04,-1.770828e+03
473,7.430754e+02,miss,14.478941,17.805533,-76.637610,-6.902646e+03,1.172586e+03,4.394430e+04
474,7.441524e+02,miss,0.397890,50.827986,61.776674,-5.732336e+03,-3.251561e+04,-2.988090e+04
475,7.448451e+02,miss,3.444335,22.382139,76.727938,9.053158e+03,-1.171367e+04,-4.201987e+04
476,7.470025e+02,miss,42.636023,-50.370104,-45.221922,-2.062529e+04,3.327930e+04,2.139331e+04
477,7.480824e+02,miss,58.470576,-20.153971,50.744549,-2.819143e+04,2.114533e+04,-2.741503e+04
478,7.494718e+02,miss,61.376481,-43.495913,-27.221923,-3.623219e+04,1.801059e+04,1.897406e+04
479,7.505535e+02,miss,26.817671,3.323848,-75.297839,-2.022589e+04,-9.709241e+03,3.868714e+04
480,7.516359e+02,miss,15.528404,-17.413293,76.522192,-1.552359e+03,1.230288e+03,-4.471031e+04
481,7.530755e+02,miss,-79.372844,-9.333130,3.583897,4.454214e+04,4.493088e+03,-1.606611e+03
482,7.551978e+02,miss,39.570078,68.225032,-13.399772,-1.181587e+04,-4.253135e+04,7.993472e+03
483,7.559427e+02,miss,-24.314306,-61.598514,-44.882486,1.018557e+04,3.828049e+04,2.110141e+04
484,7.584266e+02,miss,-47.214472,25.611418,59.286161,1.950994e+04,-1.064032e+04,-3.907910e+04
485,7.595148e+02,miss,62.543582,46.799233,17.266506,-3.935155e+04,-2.016574e+04,-8.290263e+03
486,7.620046e+02,miss,-37.104174,-40.806432,-57.949248,1.107024e+04,2.858551e+04,3.302852e+04
487,7.659814e+02,miss,-71.555776,-31.605893,16.758234,4.099858e+04,1.440837e+04,-1.235629e+04
488,7.673873e+02,miss,-52.522115,8.265412,59.775500,2.142051e+04,-6.650386e+03,-3.926631e+04
489,7.684818e+02,miss,77.132140,-10.326688,18.547036,-4.410921e+04,-3.653277e+03,-9.426375e+03
490,7.702815e+02,miss,16.536011,47.768059,-62.006233,-6.377759e+03,-1.898197e+04,4.064025e+04
491,7.713781e+02,miss,36.540747,47.410615,-53.075488,-2.843037e+04,-2.309872e+04,2.671528e+04
492,7.731812e+02,miss,0.654022,-7.028470,79.687972,-6.546756e+03,-5.396898e+03,-4.459105e+04
493,7.738873e+02,miss,39.611869,32.657163,-61.354784,-2.995029e+04,-1.321687e+04,3.147259e+04
494,7.742798e+02,miss,43.361620,63.069959,-23.279823,-1.676032e+04,-4.054800e+04,1.175700e+04
495,7.749864e+02,miss,-37.579877,-28.116813,64.785783,1.092088e+04,1.835299e+04,-4.011310e+04
496,7.767937e+02,miss,-23.639168,-73.027268,22.543467,2.369446e+04,3.645537e+04,-1.339975e+04
497,7.775492e+02,miss,8.617207,16.873857,-77.723978,-1.445986e+04,-1.278680e+04,4.122375e+04
498,7.778949e+02,miss,-79.286586,6.847927,-8.169650,4.343072e+04,-1.243369e+04,5.664368e+03
499,7.815663e+02,miss,33.719890,51.878591,-50.710756,-2.793382e+04,-2.263712e+04,2.810614e+04
500,7.822762e+02,miss,14.627588,1.013651,78.644810,2.989066e+03,-2.244670e+03,-4.550397e+04
501,7.833813e+02,miss,4.194699,72.435157,33.697961,2.081301e+03,-4.277267e+04,-1.592783e+04
502,7.840920e+02,miss,-27.379093,63.704118,39.902014,7.688172e+03,-4.027702e+04,-2.020090e+04
503,7.851983e+02,miss,-25.287938,27.057636,70.911244,2.353998e+04,-1.127551e+04,-3.756465e+04
504,7.866217e+02,miss,-60.916198,-49.026838,-16.899291,2.650681e+04,3.588808e+04,1.027613e+04
505,7.877299e+02,miss,-43.703723,-48.477620,-46.259106,2.162634e+04,3.346844e+04,2.261154e+04
506,7.906622e+02,miss,35.118911,-62.564186,-35.389049,-2.579153e+04,2.924301e+04,2.421929e+04
507,7.932025e+02,miss,-4.454596,7.543727,-79.518858,-6.847725e+03,-1.028628e+04,4.428319e+04
508,7.936000e+02,miss,77.744218,13.218525,-13.457607,-4.526854e+04,3.362974e+03,7.362691e+03
509,7.954288e+02,miss,-65.035486,1.022639,46.576172,4.037687e+04,-4.793652e+01,-2.212100e+04
510,7.968615e+02,miss,1.625011,-77.980942,17.785724,1.022689e+04,4.382623e+04,-9.905707e+03
511,7.976266e+02,miss,-75.106395,22.973462,15.206888,3.847870e+04,-2.378666e+04,-8.892351e+03
512,7.979768e+02,miss,-72.588183,-24.593420,22.937293,3.871585e+04,1.850482e+04,-1.688423e+04
513,7.987425e+02,miss,-9.272370,31.938419,-72.759608,-4.957518e+02,-9.111034e+03,4.522396e+04
514,7.990929e+02,miss,18.110495,-20.205894,75.257769,1.062893e+03,1.295762e+04,-4.427603e+04
515,7.994601e+02,miss,15.880875,-16.828899,76.580585,5.887796e+02,3.647945e+03,-4.600784e+04
516,8.005773e+02,miss,1.798038,-36.418409,-71.207208,1.027672e+04,2.024847e+04,4.022115e+04
517,8.012957e+02,miss,-30.265000,43.637958,59.831082,6.594938e+03,-2.923919e+04,-3.516878e+04
518,8.024141e+02,miss,39.591269,24.896061,64.905451,-1.306671e+04,-2.031585e+04,-3.943063e+04
519,8.028139e+02,miss,-72.630780,2.401172,33.451520,4.054338e+04,-1.238200e+04,-1.849954e+04
520,8.035334e+02,miss,-33.270098,-71.348839,14.228271,9.784791e+03,4.417581e+04,-9.694579e+03
521,8.042532e+02,miss,-11.766939,-63.704099,-46.939609,1.121279e+04,3.078320e+04,3.270803e+04
522,8.046534e+02,miss,30.904055,-38.043255,-63.226973,-2.547687e+04,2.168914e+04,3.201131e+04
523,8.049733e+02,miss,-79.910395,-2.375902,-2.946839,4.624763e+04,2.087636e+03,1.365618e+03
524,8.053736e+02,miss,-14.424604,6.356751,-78.431642,9.880361e+03,-1.425515e+04,4.295699e+04
525,8.064949e+02,miss,-19.970323,0.712741,77.464045,2.067957e+04,-3.990219e+03,-4.129837e+04
526,8.072160e+02,miss,-20.943215,-77.176132